latitude,longitude,elevation,utc_offset_seconds,timezone,timezone_abbreviation
19.226713,-99.08011,2597.0,0,GMT,GMT
,,
ts,temp_2m,rain_mm
2023-08-18T00:00,14.3,0.20
2023-08-18T01:00,14.3,0.40
2023-08-18T02:00,13.5,3.00
2023-08-18T03:00,13.0,0.90
2023-08-18T04:00,13.2,0.50
2023-08-18T05:00,13.0,0.10
2023-08-18T06:00,12.0,0.00
2023-08-18T07:00,11.1,0.00
2023-08-18T08:00,11.0,0.00
2023-08-18T09:00,11.0,0.00
2023-08-18T10:00,10.3,0.00
2023-08-18T11:00,10.1,0.00
2023-08-18T12:00,10.5,0.00
2023-08-18T13:00,10.3,0.00
2023-08-18T14:00,13.8,0.00
2023-08-18T15:00,15.2,0.00
2023-08-18T16:00,16.3,0.20
2023-08-18T17:00,17.9,0.20
2023-08-18T18:00,18.5,0.30
2023-08-18T19:00,18.0,0.90
2023-08-18T20:00,17.8,5.20
2023-08-18T21:00,18.4,0.20
2023-08-18T22:00,18.1,0.80
2023-08-18T23:00,15.9,1.20
2023-08-19T00:00,17.6,0.00
2023-08-19T01:00,16.0,0.40
2023-08-19T02:00,13.7,7.00
2023-08-19T03:00,14.1,0.60
2023-08-19T04:00,14.2,0.60
2023-08-19T05:00,13.5,1.00
2023-08-19T06:00,13.5,0.30
2023-08-19T07:00,12.9,0.10
2023-08-19T08:00,12.8,0.00
2023-08-19T09:00,12.8,0.00
2023-08-19T10:00,11.8,0.00
2023-08-19T11:00,11.9,0.00
2023-08-19T12:00,11.6,0.00
2023-08-19T13:00,12.8,0.00
2023-08-19T14:00,13.7,0.00
2023-08-19T15:00,15.4,0.10
2023-08-19T16:00,16.7,0.10
2023-08-19T17:00,18.0,0.10
2023-08-19T18:00,19.2,0.30
2023-08-19T19:00,19.3,0.20
2023-08-19T20:00,20.0,0.20
2023-08-19T21:00,19.0,0.10
2023-08-19T22:00,18.9,0.20
2023-08-19T23:00,18.0,0.10
2023-08-20T00:00,15.0,5.60
2023-08-20T01:00,15.1,2.60
2023-08-20T02:00,13.9,2.50
2023-08-20T03:00,13.7,0.20
2023-08-20T04:00,12.8,0.10
2023-08-20T05:00,12.8,0.10
2023-08-20T06:00,12.6,0.00
2023-08-20T07:00,12.4,0.00
2023-08-20T08:00,12.2,0.00
2023-08-20T09:00,11.9,0.10
2023-08-20T10:00,11.9,0.00
2023-08-20T11:00,11.9,0.10
2023-08-20T12:00,12.0,0.00
2023-08-20T13:00,11.7,0.20
2023-08-20T14:00,12.2,0.20
2023-08-20T15:00,13.1,0.00
2023-08-20T16:00,14.4,0.00
2023-08-20T17:00,15.6,0.00
2023-08-20T18:00,16.8,0.10
2023-08-20T19:00,16.2,0.20
2023-08-20T20:00,16.6,0.10
2023-08-20T21:00,17.7,0.10
2023-08-20T22:00,16.3,0.00
2023-08-20T23:00,15.7,0.10
2023-08-21T00:00,15.1,0.10
2023-08-21T01:00,13.1,0.00
2023-08-21T02:00,12.9,0.00
2023-08-21T03:00,12.4,0.00
2023-08-21T04:00,11.9,0.00
2023-08-21T05:00,12.0,0.00
2023-08-21T06:00,11.9,0.40
2023-08-21T07:00,11.5,0.40
2023-08-21T08:00,11.3,0.20
2023-08-21T09:00,10.9,0.00
2023-08-21T10:00,10.6,0.00
2023-08-21T11:00,8.8,0.00
2023-08-21T12:00,9.8,0.00
2023-08-21T13:00,10.3,0.00
2023-08-21T14:00,12.3,0.00
2023-08-21T15:00,13.8,0.00
2023-08-21T16:00,15.5,0.00
2023-08-21T17:00,16.7,0.00
2023-08-21T18:00,18.1,0.00
2023-08-21T19:00,18.2,0.70
2023-08-21T20:00,19.0,0.10
2023-08-21T21:00,19.2,0.30
2023-08-21T22:00,18.2,0.30
2023-08-21T23:00,18.1,0.10
2023-08-22T00:00,14.1,0.00
2023-08-22T01:00,13.3,0.80
2023-08-22T02:00,12.9,0.30
2023-08-22T03:00,12.7,0.40
2023-08-22T04:00,12.3,0.10
2023-08-22T05:00,12.2,0.00
2023-08-22T06:00,11.9,0.40
2023-08-22T07:00,12.1,0.30
2023-08-22T08:00,12.0,0.30
2023-08-22T09:00,11.7,0.00
2023-08-22T10:00,10.9,0.00
2023-08-22T11:00,9.8,0.00
2023-08-22T12:00,12.5,0.00
2023-08-22T13:00,12.3,0.00
2023-08-22T14:00,13.2,0.00
2023-08-22T15:00,14.7,0.00
2023-08-22T16:00,16.5,0.00
2023-08-22T17:00,17.7,0.00
2023-08-22T18:00,19.1,0.00
2023-08-22T19:00,20.2,0.10
2023-08-22T20:00,20.0,0.10
2023-08-22T21:00,20.3,0.00
2023-08-22T22:00,19.5,0.00
2023-08-22T23:00,20.1,0.20
2023-08-23T00:00,15.8,0.30
2023-08-23T01:00,14.8,0.60
2023-08-23T02:00,13.4,0.60
2023-08-23T03:00,13.5,0.60
2023-08-23T04:00,13.5,0.50
2023-08-23T05:00,13.1,0.20
2023-08-23T06:00,13.1,0.30
2023-08-23T07:00,12.6,0.30
2023-08-23T08:00,12.4,0.10
2023-08-23T09:00,12.2,0.00
2023-08-23T10:00,12.1,0.10
2023-08-23T11:00,12.2,0.10
2023-08-23T12:00,12.3,0.20
2023-08-23T13:00,12.2,0.20
2023-08-23T14:00,12.4,0.30
2023-08-23T15:00,13.1,0.40
2023-08-23T16:00,14.9,0.20
2023-08-23T17:00,16.5,0.20
2023-08-23T18:00,18.0,0.10
2023-08-23T19:00,19.5,0.00
2023-08-23T20:00,20.0,0.00
2023-08-23T21:00,20.6,0.00
2023-08-23T22:00,20.5,0.10
2023-08-23T23:00,18.3,0.20
2023-08-24T00:00,16.4,0.30
2023-08-24T01:00,12.8,0.10
2023-08-24T02:00,13.0,0.00
2023-08-24T03:00,13.1,0.00
2023-08-24T04:00,12.5,0.30
2023-08-24T05:00,12.3,0.50
2023-08-24T06:00,12.3,0.40
2023-08-24T07:00,12.2,0.40
2023-08-24T08:00,11.9,0.30
2023-08-24T09:00,11.9,0.20
2023-08-24T10:00,11.8,0.20
2023-08-24T11:00,11.8,0.40
2023-08-24T12:00,12.2,0.20
2023-08-24T13:00,12.0,0.10
2023-08-24T14:00,13.0,0.20
2023-08-24T15:00,13.8,0.60
2023-08-24T16:00,15.1,0.80
2023-08-24T17:00,16.6,0.30
2023-08-24T18:00,18.5,0.10
2023-08-24T19:00,19.8,0.10
2023-08-24T20:00,20.1,0.10
2023-08-24T21:00,20.5,0.10
2023-08-24T22:00,18.6,0.10
2023-08-24T23:00,16.5,0.60
2023-08-25T00:00,13.1,0.20
2023-08-25T01:00,12.6,0.20
2023-08-25T02:00,12.4,0.10
2023-08-25T03:00,12.2,0.40
2023-08-25T04:00,11.6,0.50
2023-08-25T05:00,11.1,0.30
2023-08-25T06:00,11.0,0.30
2023-08-25T07:00,10.7,0.20
2023-08-25T08:00,10.0,0.00
2023-08-25T09:00,8.8,0.00
2023-08-25T10:00,9.5,0.10
2023-08-25T11:00,8.9,0.00
2023-08-25T12:00,10.3,0.00
2023-08-25T13:00,10.2,0.00
2023-08-25T14:00,11.5,0.00
2023-08-25T15:00,12.5,0.00
2023-08-25T16:00,13.8,0.00
2023-08-25T17:00,15.4,0.00
2023-08-25T18:00,16.3,0.10
2023-08-25T19:00,16.9,0.10
2023-08-25T20:00,17.9,0.10
2023-08-25T21:00,18.6,0.10
2023-08-25T22:00,18.4,0.00
2023-08-25T23:00,18.5,0.00
2023-08-26T00:00,17.3,0.00
2023-08-26T01:00,14.6,0.00
2023-08-26T02:00,13.2,0.00
2023-08-26T03:00,12.6,0.00
2023-08-26T04:00,12.2,0.10
2023-08-26T05:00,12.4,0.30
2023-08-26T06:00,12.0,0.10
2023-08-26T07:00,12.1,0.10
2023-08-26T08:00,11.6,0.00
2023-08-26T09:00,11.0,0.00
2023-08-26T10:00,10.9,0.00
2023-08-26T11:00,10.4,0.00
2023-08-26T12:00,11.2,0.00
2023-08-26T13:00,10.8,0.00
2023-08-26T14:00,11.3,0.00
2023-08-26T15:00,12.2,0.10
2023-08-26T16:00,14.1,0.10
2023-08-26T17:00,14.9,0.20
2023-08-26T18:00,15.7,0.10
2023-08-26T19:00,16.9,0.10
2023-08-26T20:00,18.2,0.00
2023-08-26T21:00,18.3,0.30
2023-08-26T22:00,17.9,0.10
2023-08-26T23:00,18.7,0.00
2023-08-27T00:00,17.1,0.10
2023-08-27T01:00,15.1,0.00
2023-08-27T02:00,14.1,0.00
2023-08-27T03:00,12.9,0.20
2023-08-27T04:00,12.9,0.20
2023-08-27T05:00,12.9,0.10
2023-08-27T06:00,12.8,0.10
2023-08-27T07:00,12.7,0.20
2023-08-27T08:00,12.3,0.20
2023-08-27T09:00,12.4,0.10
2023-08-27T10:00,12.3,0.10
2023-08-27T11:00,12.4,0.10
2023-08-27T12:00,12.6,0.00
2023-08-27T13:00,12.8,0.20
2023-08-27T14:00,13.1,0.10
2023-08-27T15:00,13.6,0.10
2023-08-27T16:00,14.5,0.40
2023-08-27T17:00,15.5,0.10
2023-08-27T18:00,17.4,0.00
2023-08-27T19:00,17.7,0.10
2023-08-27T20:00,18.9,0.20
2023-08-27T21:00,18.2,0.10
2023-08-27T22:00,17.6,0.10
2023-08-27T23:00,17.8,0.30
2023-08-28T00:00,17.7,0.10
2023-08-28T01:00,14.3,0.00
2023-08-28T02:00,14.2,0.00
2023-08-28T03:00,12.7,0.00
2023-08-28T04:00,13.3,0.10
2023-08-28T05:00,14.0,0.20
2023-08-28T06:00,13.4,0.00
2023-08-28T07:00,13.3,0.10
2023-08-28T08:00,13.2,0.10
2023-08-28T09:00,13.1,0.10
2023-08-28T10:00,13.0,0.10
2023-08-28T11:00,12.9,0.50
2023-08-28T12:00,13.4,0.10
2023-08-28T13:00,13.4,0.00
2023-08-28T14:00,14.0,0.20
2023-08-28T15:00,14.3,0.30
2023-08-28T16:00,15.5,0.10
2023-08-28T17:00,17.4,0.10
2023-08-28T18:00,18.2,0.10
2023-08-28T19:00,18.3,1.20
2023-08-28T20:00,19.1,0.00
2023-08-28T21:00,18.7,0.00
2023-08-28T22:00,17.7,0.00
2023-08-28T23:00,17.4,0.00
2023-08-29T00:00,17.3,0.00
2023-08-29T01:00,14.8,0.10
2023-08-29T02:00,14.3,0.10
2023-08-29T03:00,13.7,0.00
2023-08-29T04:00,15.3,0.00
2023-08-29T05:00,12.4,0.00
2023-08-29T06:00,12.5,0.00
2023-08-29T07:00,11.7,0.00
2023-08-29T08:00,11.7,0.00
2023-08-29T09:00,13.0,0.00
2023-08-29T10:00,12.2,0.00
2023-08-29T11:00,12.7,0.00
2023-08-29T12:00,11.1,0.00
2023-08-29T13:00,12.1,0.00
2023-08-29T14:00,13.9,0.00
2023-08-29T15:00,15.1,0.00
2023-08-29T16:00,16.4,0.00
2023-08-29T17:00,17.8,0.00
2023-08-29T18:00,19.5,0.00
2023-08-29T19:00,20.4,0.00
2023-08-29T20:00,20.4,0.00
2023-08-29T21:00,20.6,0.00
2023-08-29T22:00,20.7,0.00
2023-08-29T23:00,20.3,0.00
2023-08-30T00:00,19.4,0.00
2023-08-30T01:00,16.1,0.00
2023-08-30T02:00,14.5,0.00
2023-08-30T03:00,14.2,0.00
2023-08-30T04:00,13.8,0.00
2023-08-30T05:00,13.0,0.00
2023-08-30T06:00,12.0,0.00
2023-08-30T07:00,11.3,0.00
2023-08-30T08:00,11.2,0.00
2023-08-30T09:00,10.7,0.00
2023-08-30T10:00,9.8,0.00
2023-08-30T11:00,10.3,0.00
2023-08-30T12:00,11.1,0.00
2023-08-30T13:00,11.3,0.00
2023-08-30T14:00,14.3,0.00
2023-08-30T15:00,15.8,0.00
2023-08-30T16:00,17.2,0.00
2023-08-30T17:00,18.4,0.00
2023-08-30T18:00,19.7,0.00
2023-08-30T19:00,20.7,0.00
2023-08-30T20:00,21.0,0.00
2023-08-30T21:00,21.4,0.00
2023-08-30T22:00,21.4,0.00
2023-08-30T23:00,20.8,0.00
2023-08-31T00:00,18.6,0.00
2023-08-31T01:00,17.0,0.00
2023-08-31T02:00,16.3,0.00
2023-08-31T03:00,13.8,0.00
2023-08-31T04:00,13.8,0.00
2023-08-31T05:00,13.4,0.00
2023-08-31T06:00,13.7,0.00
2023-08-31T07:00,13.7,0.10
2023-08-31T08:00,12.5,0.00
2023-08-31T09:00,12.3,0.00
2023-08-31T10:00,12.6,0.00
2023-08-31T11:00,12.0,0.00
2023-08-31T12:00,12.4,0.00
2023-08-31T13:00,12.2,0.00
2023-08-31T14:00,14.0,0.00
2023-08-31T15:00,15.8,0.00
2023-08-31T16:00,17.0,0.20
2023-08-31T17:00,18.2,0.30
2023-08-31T18:00,19.5,0.20
2023-08-31T19:00,20.1,0.10
2023-08-31T20:00,19.6,0.10
2023-08-31T21:00,19.2,0.40
2023-08-31T22:00,20.1,0.30
2023-08-31T23:00,17.6,2.70
2023-09-01T00:00,17.5,2.30
2023-09-01T01:00,15.4,0.20
2023-09-01T02:00,13.4,5.20
2023-09-01T03:00,13.9,0.40
2023-09-01T04:00,13.6,0.70
2023-09-01T05:00,13.5,0.90
2023-09-01T06:00,13.3,0.60
2023-09-01T07:00,13.0,0.20
2023-09-01T08:00,12.1,0.10
2023-09-01T09:00,11.6,0.00
2023-09-01T10:00,11.2,0.00
2023-09-01T11:00,10.8,0.00
2023-09-01T12:00,11.4,0.00
2023-09-01T13:00,11.9,0.00
2023-09-01T14:00,14.1,0.00
2023-09-01T15:00,15.5,0.10
2023-09-01T16:00,17.0,0.20
2023-09-01T17:00,18.3,0.30
2023-09-01T18:00,16.6,6.60
2023-09-01T19:00,17.7,0.10
2023-09-01T20:00,19.8,0.00
2023-09-01T21:00,18.1,1.20
2023-09-01T22:00,17.4,0.00
2023-09-01T23:00,16.8,2.10
2023-09-02T00:00,18.1,0.20
2023-09-02T01:00,14.6,0.10
2023-09-02T02:00,15.8,0.00
2023-09-02T03:00,15.6,0.00
2023-09-02T04:00,13.1,0.00
2023-09-02T05:00,12.4,0.00
2023-09-02T06:00,12.7,0.00
2023-09-02T07:00,12.0,0.90
2023-09-02T08:00,11.7,0.90
2023-09-02T09:00,11.8,0.00
2023-09-02T10:00,10.5,0.00
2023-09-02T11:00,9.6,0.00
2023-09-02T12:00,11.0,0.00
2023-09-02T13:00,11.6,0.00
2023-09-02T14:00,14.1,0.00
2023-09-02T15:00,15.3,0.00
2023-09-02T16:00,16.7,0.00
2023-09-02T17:00,17.9,0.00
2023-09-02T18:00,19.0,0.00
2023-09-02T19:00,19.8,0.00
2023-09-02T20:00,20.5,0.00
2023-09-02T21:00,20.6,0.00
2023-09-02T22:00,20.6,0.00
2023-09-02T23:00,20.4,0.00
2023-09-03T00:00,20.3,0.00
2023-09-03T01:00,17.3,0.00
2023-09-03T02:00,15.1,0.00
2023-09-03T03:00,14.1,0.00
2023-09-03T04:00,13.8,0.10
2023-09-03T05:00,13.7,1.20
2023-09-03T06:00,13.4,1.50
2023-09-03T07:00,13.1,0.70
2023-09-03T08:00,13.0,0.10
2023-09-03T09:00,12.7,0.20
2023-09-03T10:00,12.4,0.10
2023-09-03T11:00,12.3,0.00
2023-09-03T12:00,12.4,0.00
2023-09-03T13:00,12.3,0.00
2023-09-03T14:00,13.9,0.00
2023-09-03T15:00,15.5,0.00
2023-09-03T16:00,16.9,0.10
2023-09-03T17:00,17.9,0.20
2023-09-03T18:00,19.2,0.10
2023-09-03T19:00,20.0,0.20
2023-09-03T20:00,20.0,0.70
2023-09-03T21:00,17.6,7.20
2023-09-03T22:00,17.9,0.00
2023-09-03T23:00,17.1,2.70
2023-09-04T00:00,15.9,1.30
2023-09-04T01:00,14.9,1.40
2023-09-04T02:00,15.3,0.10
2023-09-04T03:00,14.5,0.00
2023-09-04T04:00,12.8,1.10
2023-09-04T05:00,12.5,0.10
2023-09-04T06:00,11.8,0.10
2023-09-04T07:00,12.0,0.50
2023-09-04T08:00,12.0,0.20
2023-09-04T09:00,12.2,0.30
2023-09-04T10:00,11.6,0.00
2023-09-04T11:00,11.3,0.00
2023-09-04T12:00,11.0,0.00
2023-09-04T13:00,11.2,0.00
2023-09-04T14:00,13.9,0.00
2023-09-04T15:00,15.1,0.00
2023-09-04T16:00,16.8,0.10
2023-09-04T17:00,18.2,0.20
2023-09-04T18:00,19.4,0.10
2023-09-04T19:00,20.3,0.10
2023-09-04T20:00,20.6,0.10
2023-09-04T21:00,21.0,1.30
2023-09-04T22:00,19.5,1.00
2023-09-04T23:00,19.9,0.00
2023-09-05T00:00,20.1,0.20
2023-09-05T01:00,18.3,0.00
2023-09-05T02:00,17.2,0.00
2023-09-05T03:00,14.7,0.00
2023-09-05T04:00,13.8,0.00
2023-09-05T05:00,13.0,0.00
2023-09-05T06:00,12.7,0.00
2023-09-05T07:00,12.0,0.00
2023-09-05T08:00,11.8,0.00
2023-09-05T09:00,11.5,0.00
2023-09-05T10:00,11.0,0.00
2023-09-05T11:00,10.3,0.00
2023-09-05T12:00,10.3,0.00
2023-09-05T13:00,10.9,0.00
2023-09-05T14:00,13.9,0.00
2023-09-05T15:00,15.6,0.00
2023-09-05T16:00,16.8,0.20
2023-09-05T17:00,18.4,0.40
2023-09-05T18:00,19.7,0.30
2023-09-05T19:00,20.2,0.20
2023-09-05T20:00,20.5,0.10
2023-09-05T21:00,21.0,0.00
2023-09-05T22:00,21.6,0.00
2023-09-05T23:00,20.7,0.00
2023-09-06T00:00,17.3,0.00
2023-09-06T01:00,16.6,0.10
2023-09-06T02:00,14.4,0.00
2023-09-06T03:00,14.1,0.00
2023-09-06T04:00,13.7,0.00
2023-09-06T05:00,13.1,0.20
2023-09-06T06:00,13.9,0.10
2023-09-06T07:00,13.2,2.30
2023-09-06T08:00,13.3,2.90
2023-09-06T09:00,13.2,0.10
2023-09-06T10:00,12.9,0.00
2023-09-06T11:00,12.7,0.00
2023-09-06T12:00,13.1,0.00
2023-09-06T13:00,12.8,0.00
2023-09-06T14:00,14.0,0.00
2023-09-06T15:00,15.1,0.30
2023-09-06T16:00,16.6,0.20
2023-09-06T17:00,17.6,0.10
2023-09-06T18:00,19.3,0.00
2023-09-06T19:00,20.7,0.10
2023-09-06T20:00,20.6,0.80
2023-09-06T21:00,20.1,0.10
2023-09-06T22:00,20.3,0.00
2023-09-06T23:00,20.1,0.00
2023-09-07T00:00,16.0,0.40
2023-09-07T01:00,15.9,0.20
2023-09-07T02:00,14.5,1.70
2023-09-07T03:00,13.5,7.30
2023-09-07T04:00,13.4,1.70
2023-09-07T05:00,12.4,0.10
2023-09-07T06:00,12.3,0.00
2023-09-07T07:00,11.6,1.30
2023-09-07T08:00,12.1,0.20
2023-09-07T09:00,12.5,0.10
2023-09-07T10:00,12.3,0.30
2023-09-07T11:00,11.7,0.50
2023-09-07T12:00,12.6,0.10
2023-09-07T13:00,12.8,0.10
2023-09-07T14:00,13.4,0.10
2023-09-07T15:00,14.9,0.10
2023-09-07T16:00,16.6,0.00
2023-09-07T17:00,18.6,0.00
2023-09-07T18:00,20.0,0.00
2023-09-07T19:00,20.3,0.00
2023-09-07T20:00,20.2,0.10
2023-09-07T21:00,20.9,0.00
2023-09-07T22:00,20.5,0.50
2023-09-07T23:00,19.3,0.50
2023-09-08T00:00,18.3,1.30
2023-09-08T01:00,16.4,0.00
2023-09-08T02:00,14.6,0.00
2023-09-08T03:00,13.6,0.00
2023-09-08T04:00,13.5,0.00
2023-09-08T05:00,12.7,0.00
2023-09-08T06:00,11.9,0.00
2023-09-08T07:00,11.9,0.00
2023-09-08T08:00,11.7,0.00
2023-09-08T09:00,11.6,0.00
2023-09-08T10:00,11.2,0.00
2023-09-08T11:00,11.1,0.00
2023-09-08T12:00,12.2,0.00
2023-09-08T13:00,12.4,0.10
2023-09-08T14:00,13.4,0.00
2023-09-08T15:00,14.8,0.00
2023-09-08T16:00,16.0,0.00
2023-09-08T17:00,17.2,0.00
2023-09-08T18:00,18.5,0.00
2023-09-08T19:00,19.5,0.00
2023-09-08T20:00,19.4,0.00
2023-09-08T21:00,20.0,0.00
2023-09-08T22:00,20.3,0.00
2023-09-08T23:00,19.9,0.00
2023-09-09T00:00,18.9,0.00
2023-09-09T01:00,17.9,0.00
2023-09-09T02:00,14.7,0.00
2023-09-09T03:00,14.6,0.00
2023-09-09T04:00,13.8,0.00
2023-09-09T05:00,12.9,0.00
2023-09-09T06:00,12.1,0.00
2023-09-09T07:00,11.5,0.00
2023-09-09T08:00,11.0,0.00
2023-09-09T09:00,10.5,0.00
2023-09-09T10:00,10.8,0.00
2023-09-09T11:00,9.8,0.00
2023-09-09T12:00,9.9,0.00
2023-09-09T13:00,10.1,0.00
2023-09-09T14:00,12.3,0.00
2023-09-09T15:00,14.2,0.00
2023-09-09T16:00,15.7,0.00
2023-09-09T17:00,17.0,0.00
2023-09-09T18:00,18.4,0.00
2023-09-09T19:00,19.5,0.00
2023-09-09T20:00,20.1,0.00
2023-09-09T21:00,20.5,0.00
2023-09-09T22:00,20.3,0.00
2023-09-09T23:00,19.7,0.00
2023-09-10T00:00,18.8,0.00
2023-09-10T01:00,16.7,0.00
2023-09-10T02:00,15.2,0.00
2023-09-10T03:00,14.3,0.00
2023-09-10T04:00,13.6,0.00
2023-09-10T05:00,12.5,0.00
2023-09-10T06:00,11.6,0.10
2023-09-10T07:00,11.7,0.10
2023-09-10T08:00,11.3,0.10
2023-09-10T09:00,10.9,0.10
2023-09-10T10:00,10.2,0.20
2023-09-10T11:00,9.7,0.20
2023-09-10T12:00,9.4,0.10
2023-09-10T13:00,9.9,0.00
2023-09-10T14:00,12.5,0.00
2023-09-10T15:00,13.8,0.00
2023-09-10T16:00,15.3,0.00
2023-09-10T17:00,16.9,0.00
2023-09-10T18:00,18.3,0.00
2023-09-10T19:00,19.5,0.00
2023-09-10T20:00,19.9,0.00
2023-09-10T21:00,20.8,0.00
2023-09-10T22:00,21.3,0.00
2023-09-10T23:00,20.5,0.00
2023-09-11T00:00,18.4,0.00
2023-09-11T01:00,15.1,0.00
2023-09-11T02:00,14.9,0.00
2023-09-11T03:00,13.7,0.00
2023-09-11T04:00,12.5,0.00
2023-09-11T05:00,12.1,0.00
2023-09-11T06:00,11.5,0.00
2023-09-11T07:00,10.5,0.00
2023-09-11T08:00,10.2,0.10
2023-09-11T09:00,11.0,0.30
2023-09-11T10:00,10.8,0.20
2023-09-11T11:00,10.5,0.00
2023-09-11T12:00,9.1,0.00
2023-09-11T13:00,9.8,0.00
2023-09-11T14:00,12.3,0.00
2023-09-11T15:00,13.7,0.00
2023-09-11T16:00,15.1,0.00
2023-09-11T17:00,16.8,0.00
2023-09-11T18:00,18.2,0.00
2023-09-11T19:00,19.3,0.00
2023-09-11T20:00,20.0,0.00
2023-09-11T21:00,20.0,0.00
2023-09-11T22:00,19.9,0.00
2023-09-11T23:00,20.3,0.00
2023-09-12T00:00,18.7,0.00
2023-09-12T01:00,15.6,0.00
2023-09-12T02:00,14.8,0.00
2023-09-12T03:00,13.6,0.00
2023-09-12T04:00,12.7,0.00
2023-09-12T05:00,11.8,0.00
2023-09-12T06:00,11.0,0.00
2023-09-12T07:00,10.1,0.00
2023-09-12T08:00,9.1,0.00
2023-09-12T09:00,8.6,0.00
2023-09-12T10:00,8.5,0.00
2023-09-12T11:00,8.1,0.00
2023-09-12T12:00,8.9,0.00
2023-09-12T13:00,10.2,0.00
2023-09-12T14:00,13.3,0.00
2023-09-12T15:00,14.8,0.00
2023-09-12T16:00,15.9,0.00
2023-09-12T17:00,17.6,0.00
2023-09-12T18:00,19.2,0.00
2023-09-12T19:00,20.8,0.00
2023-09-12T20:00,21.3,0.00
2023-09-12T21:00,21.6,0.00
2023-09-12T22:00,21.4,0.00
2023-09-12T23:00,20.6,0.00
2023-09-13T00:00,19.0,0.00
2023-09-13T01:00,16.7,0.00
2023-09-13T02:00,14.9,0.00
2023-09-13T03:00,14.8,0.00
2023-09-13T04:00,13.4,0.00
2023-09-13T05:00,12.5,0.00
2023-09-13T06:00,11.5,0.00
2023-09-13T07:00,10.5,0.00
2023-09-13T08:00,12.4,0.00
2023-09-13T09:00,10.9,0.00
2023-09-13T10:00,11.6,0.00
2023-09-13T11:00,11.6,0.00
2023-09-13T12:00,11.1,0.00
2023-09-13T13:00,10.9,0.00
2023-09-13T14:00,13.3,0.00
2023-09-13T15:00,15.6,0.00
2023-09-13T16:00,17.6,0.00
2023-09-13T17:00,19.2,0.00
2023-09-13T18:00,20.9,0.00
2023-09-13T19:00,21.9,0.00
2023-09-13T20:00,22.6,0.00
2023-09-13T21:00,22.1,0.30
2023-09-13T22:00,22.0,0.10
2023-09-13T23:00,20.7,0.00
2023-09-14T00:00,19.2,0.00
2023-09-14T01:00,16.8,0.00
2023-09-14T02:00,15.5,0.00
2023-09-14T03:00,15.6,0.00
2023-09-14T04:00,15.1,0.00
2023-09-14T05:00,14.3,0.00
2023-09-14T06:00,13.5,0.00
2023-09-14T07:00,12.1,0.00
2023-09-14T08:00,12.0,0.00
2023-09-14T09:00,11.2,0.00
2023-09-14T10:00,10.7,0.00
2023-09-14T11:00,10.3,0.00
2023-09-14T12:00,10.4,0.00
2023-09-14T13:00,11.6,0.00
2023-09-14T14:00,14.5,0.00
2023-09-14T15:00,16.3,0.00
2023-09-14T16:00,18.0,0.00
2023-09-14T17:00,19.7,0.00
2023-09-14T18:00,21.5,0.00
2023-09-14T19:00,22.5,0.00
2023-09-14T20:00,23.2,0.00
2023-09-14T21:00,23.2,0.00
2023-09-14T22:00,23.3,0.10
2023-09-14T23:00,22.6,0.10
2023-09-15T00:00,19.3,0.10
2023-09-15T01:00,17.2,0.00
2023-09-15T02:00,17.6,0.00
2023-09-15T03:00,14.1,0.00
2023-09-15T04:00,14.0,0.00
2023-09-15T05:00,13.4,0.00
2023-09-15T06:00,12.5,0.00
2023-09-15T07:00,12.1,0.00
2023-09-15T08:00,11.7,0.00
2023-09-15T09:00,12.2,0.10
2023-09-15T10:00,11.7,0.00
2023-09-15T11:00,11.6,0.00
2023-09-15T12:00,10.9,0.00
2023-09-15T13:00,12.2,0.00
2023-09-15T14:00,14.3,0.00
2023-09-15T15:00,15.7,0.00
2023-09-15T16:00,17.8,0.00
2023-09-15T17:00,19.4,0.20
2023-09-15T18:00,20.7,0.10
2023-09-15T19:00,21.9,0.10
2023-09-15T20:00,22.7,0.00
2023-09-15T21:00,23.2,0.00
2023-09-15T22:00,22.2,0.00
2023-09-15T23:00,21.1,0.10
2023-09-16T00:00,16.1,0.00
2023-09-16T01:00,16.0,1.40
2023-09-16T02:00,15.8,0.30
2023-09-16T03:00,15.9,0.00
2023-09-16T04:00,14.5,0.00
2023-09-16T05:00,14.6,1.00
2023-09-16T06:00,13.9,1.70
2023-09-16T07:00,13.9,1.90
2023-09-16T08:00,14.1,0.10
2023-09-16T09:00,13.7,0.00
2023-09-16T10:00,13.1,0.10
2023-09-16T11:00,12.8,0.20
2023-09-16T12:00,13.0,0.00
2023-09-16T13:00,13.0,0.20
2023-09-16T14:00,13.5,0.20
2023-09-16T15:00,14.2,0.10
2023-09-16T16:00,15.8,0.00
2023-09-16T17:00,18.0,0.10
2023-09-16T18:00,20.3,0.00
2023-09-16T19:00,21.6,0.00
2023-09-16T20:00,22.0,0.00
2023-09-16T21:00,21.1,0.00
2023-09-16T22:00,18.3,1.00
2023-09-16T23:00,15.9,3.80
2023-09-17T00:00,15.6,1.00
2023-09-17T01:00,15.3,0.70
2023-09-17T02:00,14.7,0.30
2023-09-17T03:00,13.4,0.00
2023-09-17T04:00,13.9,0.00
2023-09-17T05:00,13.9,0.00
2023-09-17T06:00,13.4,0.80
2023-09-17T07:00,12.9,1.60
2023-09-17T08:00,13.3,0.50
2023-09-17T09:00,12.4,0.10
2023-09-17T10:00,11.5,0.00
2023-09-17T11:00,11.6,0.00
2023-09-17T12:00,12.1,0.00
2023-09-17T13:00,11.9,0.40
2023-09-17T14:00,12.7,0.30
2023-09-17T15:00,14.0,0.10
2023-09-17T16:00,16.4,0.20
2023-09-17T17:00,17.6,0.10
2023-09-17T18:00,19.1,1.70
2023-09-17T19:00,18.3,3.50
2023-09-17T20:00,18.8,0.30
2023-09-17T21:00,18.4,0.00
2023-09-17T22:00,18.5,0.00
2023-09-17T23:00,18.1,0.00
2023-09-18T00:00,14.7,0.00
2023-09-18T01:00,14.5,0.10
2023-09-18T02:00,13.0,2.60
2023-09-18T03:00,13.2,0.10
2023-09-18T04:00,12.1,0.00
2023-09-18T05:00,12.7,0.00
2023-09-18T06:00,12.0,0.00
2023-09-18T07:00,11.7,0.00
2023-09-18T08:00,11.7,0.00
2023-09-18T09:00,11.4,0.00
2023-09-18T10:00,11.7,0.00
2023-09-18T11:00,11.8,0.00
2023-09-18T12:00,11.1,0.00
2023-09-18T13:00,12.0,0.00
2023-09-18T14:00,13.1,0.00
2023-09-18T15:00,14.3,0.00
2023-09-18T16:00,15.3,0.10
2023-09-18T17:00,16.9,0.10
2023-09-18T18:00,18.4,0.00
2023-09-18T19:00,19.3,0.00
2023-09-18T20:00,19.6,0.50
2023-09-18T21:00,18.3,3.80
2023-09-18T22:00,18.3,1.20
2023-09-18T23:00,17.0,3.40
2023-09-19T00:00,16.8,4.70
2023-09-19T01:00,14.0,0.10
2023-09-19T02:00,13.0,0.10
2023-09-19T03:00,12.6,0.00
2023-09-19T04:00,12.3,0.00
2023-09-19T05:00,12.1,0.00
2023-09-19T06:00,12.7,1.20
2023-09-19T07:00,12.8,0.80
2023-09-19T08:00,12.3,0.30
2023-09-19T09:00,12.2,0.00
2023-09-19T10:00,11.8,0.00
2023-09-19T11:00,10.8,0.00
2023-09-19T12:00,11.8,0.00
2023-09-19T13:00,12.0,0.00
2023-09-19T14:00,13.3,0.00
2023-09-19T15:00,14.4,0.00
2023-09-19T16:00,16.3,0.00
2023-09-19T17:00,17.8,0.00
2023-09-19T18:00,19.3,0.00
2023-09-19T19:00,19.6,0.50
2023-09-19T20:00,18.8,0.80
2023-09-19T21:00,20.5,0.00
2023-09-19T22:00,19.5,1.80
2023-09-19T23:00,17.1,1.70
2023-09-20T00:00,16.3,0.10
2023-09-20T01:00,14.7,0.00
2023-09-20T02:00,13.7,0.00
2023-09-20T03:00,12.8,0.00
2023-09-20T04:00,12.7,0.00
2023-09-20T05:00,12.2,0.00
2023-09-20T06:00,11.5,0.00
2023-09-20T07:00,11.4,0.00
2023-09-20T08:00,11.1,0.00
2023-09-20T09:00,10.5,0.00
2023-09-20T10:00,10.0,0.00
2023-09-20T11:00,9.5,0.00
2023-09-20T12:00,10.3,0.00
2023-09-20T13:00,10.7,0.00
2023-09-20T14:00,13.8,0.00
2023-09-20T15:00,15.5,0.00
2023-09-20T16:00,17.0,0.00
2023-09-20T17:00,18.5,0.00
2023-09-20T18:00,20.0,0.00
2023-09-20T19:00,20.7,0.00
2023-09-20T20:00,21.0,0.00
2023-09-20T21:00,21.1,0.00
2023-09-20T22:00,20.9,0.00
2023-09-20T23:00,20.6,0.00
2023-09-21T00:00,19.4,0.00
2023-09-21T01:00,17.4,0.00
2023-09-21T02:00,16.4,0.00
2023-09-21T03:00,15.1,0.00
2023-09-21T04:00,14.3,0.00
2023-09-21T05:00,13.3,0.00
2023-09-21T06:00,13.1,0.00
2023-09-21T07:00,12.3,0.00
2023-09-21T08:00,11.4,0.00
2023-09-21T09:00,10.6,0.00
2023-09-21T10:00,10.7,0.00
2023-09-21T11:00,9.5,0.00
2023-09-21T12:00,11.2,0.00
2023-09-21T13:00,11.1,0.00
2023-09-21T14:00,13.7,0.00
2023-09-21T15:00,15.4,0.00
2023-09-21T16:00,17.1,0.00
2023-09-21T17:00,18.4,0.00
2023-09-21T18:00,19.7,0.00
2023-09-21T19:00,20.7,0.00
2023-09-21T20:00,21.2,0.00
2023-09-21T21:00,21.3,0.00
2023-09-21T22:00,21.5,0.00
2023-09-21T23:00,21.0,0.00
2023-09-22T00:00,18.8,0.00
2023-09-22T01:00,16.2,0.00
2023-09-22T02:00,14.9,0.00
2023-09-22T03:00,14.7,0.00
2023-09-22T04:00,13.4,0.00
2023-09-22T05:00,12.9,0.00
2023-09-22T06:00,12.1,0.00
2023-09-22T07:00,12.5,0.00
2023-09-22T08:00,12.9,0.00
2023-09-22T09:00,12.5,0.00
2023-09-22T10:00,12.0,0.00
2023-09-22T11:00,11.6,0.00
2023-09-22T12:00,10.2,0.00
2023-09-22T13:00,11.7,0.00
2023-09-22T14:00,14.0,0.00
2023-09-22T15:00,15.4,0.00
2023-09-22T16:00,17.1,0.00
2023-09-22T17:00,18.8,0.00
2023-09-22T18:00,20.9,0.00
2023-09-22T19:00,21.8,0.00
2023-09-22T20:00,22.0,0.00
2023-09-22T21:00,22.0,0.00
2023-09-22T22:00,22.1,0.00
2023-09-22T23:00,21.7,0.00
2023-09-23T00:00,19.8,0.00
2023-09-23T01:00,16.1,0.00
2023-09-23T02:00,15.2,0.00
2023-09-23T03:00,14.8,0.00
2023-09-23T04:00,13.7,0.00
2023-09-23T05:00,12.8,0.00
2023-09-23T06:00,12.2,0.00
2023-09-23T07:00,11.7,0.00
2023-09-23T08:00,11.7,0.00
2023-09-23T09:00,11.7,0.00
2023-09-23T10:00,10.2,0.00
2023-09-23T11:00,10.0,0.00
2023-09-23T12:00,11.4,0.00
2023-09-23T13:00,11.1,0.00
2023-09-23T14:00,14.6,0.00
2023-09-23T15:00,16.4,0.00
2023-09-23T16:00,18.0,0.00
2023-09-23T17:00,19.5,0.00
2023-09-23T18:00,20.9,0.00
2023-09-23T19:00,22.0,0.00
2023-09-23T20:00,22.7,0.00
2023-09-23T21:00,22.9,0.00
2023-09-23T22:00,22.5,0.00
2023-09-23T23:00,22.4,0.00
2023-09-24T00:00,20.5,0.00
2023-09-24T01:00,18.9,0.00
2023-09-24T02:00,17.4,0.00
2023-09-24T03:00,15.7,0.00
2023-09-24T04:00,14.4,0.00
2023-09-24T05:00,12.9,0.00
2023-09-24T06:00,11.8,0.00
2023-09-24T07:00,11.1,0.00
2023-09-24T08:00,10.4,0.00
2023-09-24T09:00,10.5,0.00
2023-09-24T10:00,11.7,0.00
2023-09-24T11:00,11.9,0.00
2023-09-24T12:00,11.1,0.00
2023-09-24T13:00,10.4,0.00
2023-09-24T14:00,14.5,0.00
2023-09-24T15:00,16.5,0.00
2023-09-24T16:00,18.1,0.00
2023-09-24T17:00,19.9,0.00
2023-09-24T18:00,21.3,0.00
2023-09-24T19:00,22.2,0.00
2023-09-24T20:00,22.7,0.00
2023-09-24T21:00,23.1,0.00
2023-09-24T22:00,23.0,0.00
2023-09-24T23:00,23.4,0.00
2023-09-25T00:00,21.3,0.00
2023-09-25T01:00,19.0,0.00
2023-09-25T02:00,16.9,0.00
2023-09-25T03:00,15.0,0.00
2023-09-25T04:00,13.5,0.00
2023-09-25T05:00,12.4,0.00
2023-09-25T06:00,11.5,0.00
2023-09-25T07:00,11.0,0.00
2023-09-25T08:00,10.4,0.00
2023-09-25T09:00,9.4,0.00
2023-09-25T10:00,8.8,0.00
2023-09-25T11:00,8.4,0.00
2023-09-25T12:00,7.7,0.00
2023-09-25T13:00,9.3,0.00
2023-09-25T14:00,13.4,0.00
2023-09-25T15:00,15.4,0.00
2023-09-25T16:00,17.3,0.00
2023-09-25T17:00,19.1,0.00
2023-09-25T18:00,20.2,0.00
2023-09-25T19:00,21.4,0.00
2023-09-25T20:00,22.3,0.00
2023-09-25T21:00,22.9,0.00
2023-09-25T22:00,22.7,0.00
2023-09-25T23:00,21.5,0.00
2023-09-26T00:00,18.8,0.00
2023-09-26T01:00,17.2,0.00
2023-09-26T02:00,15.6,0.00
2023-09-26T03:00,13.9,0.00
2023-09-26T04:00,12.4,0.00
2023-09-26T05:00,11.5,0.00
2023-09-26T06:00,10.9,0.00
2023-09-26T07:00,10.2,0.00
2023-09-26T08:00,9.5,0.00
2023-09-26T09:00,8.8,0.00
2023-09-26T10:00,8.5,0.00
2023-09-26T11:00,8.0,0.00
2023-09-26T12:00,7.6,0.00
2023-09-26T13:00,8.9,0.00
2023-09-26T14:00,12.4,0.00
2023-09-26T15:00,14.5,0.00
2023-09-26T16:00,16.3,0.00
2023-09-26T17:00,18.2,0.00
2023-09-26T18:00,19.4,0.00
2023-09-26T19:00,20.5,0.00
2023-09-26T20:00,21.9,0.00
2023-09-26T21:00,23.6,0.00
2023-09-26T22:00,22.4,0.00
2023-09-26T23:00,21.7,0.00
2023-09-27T00:00,20.1,0.00
2023-09-27T01:00,18.3,0.00
2023-09-27T02:00,16.1,0.00
2023-09-27T03:00,14.5,0.00
2023-09-27T04:00,13.1,0.00
2023-09-27T05:00,11.9,0.00
2023-09-27T06:00,10.7,0.00
2023-09-27T07:00,10.2,0.00
2023-09-27T08:00,10.0,0.00
2023-09-27T09:00,9.7,0.00
2023-09-27T10:00,8.3,0.00
2023-09-27T11:00,7.9,0.00
2023-09-27T12:00,8.1,0.00
2023-09-27T13:00,9.2,0.00
2023-09-27T14:00,12.2,0.00
2023-09-27T15:00,14.0,0.00
2023-09-27T16:00,16.0,0.00
2023-09-27T17:00,18.0,0.00
2023-09-27T18:00,20.1,0.00
2023-09-27T19:00,21.8,0.00
2023-09-27T20:00,22.5,0.00
2023-09-27T21:00,22.8,0.00
2023-09-27T22:00,23.0,0.00
2023-09-27T23:00,23.2,0.00
2023-09-28T00:00,19.8,0.00
2023-09-28T01:00,18.4,0.00
2023-09-28T02:00,16.3,0.00
2023-09-28T03:00,15.3,0.00
2023-09-28T04:00,14.7,0.00
2023-09-28T05:00,13.1,0.00
2023-09-28T06:00,11.7,0.00
2023-09-28T07:00,10.9,0.00
2023-09-28T08:00,10.3,0.00
2023-09-28T09:00,9.6,0.00
2023-09-28T10:00,8.9,0.00
2023-09-28T11:00,8.7,0.00
2023-09-28T12:00,10.1,0.00
2023-09-28T13:00,9.7,0.00
2023-09-28T14:00,13.5,0.00
2023-09-28T15:00,15.4,0.00
2023-09-28T16:00,17.4,0.00
2023-09-28T17:00,19.4,0.00
2023-09-28T18:00,20.9,0.00
2023-09-28T19:00,22.2,0.00
2023-09-28T20:00,23.2,0.00
2023-09-28T21:00,23.6,0.00
2023-09-28T22:00,23.6,0.00
2023-09-28T23:00,22.7,0.00
2023-09-29T00:00,20.2,0.00
2023-09-29T01:00,17.7,0.00
2023-09-29T02:00,15.9,0.00
2023-09-29T03:00,14.9,0.00
2023-09-29T04:00,14.0,0.00
2023-09-29T05:00,12.7,0.00
2023-09-29T06:00,11.6,0.00
2023-09-29T07:00,11.2,0.00
2023-09-29T08:00,10.7,0.00
2023-09-29T09:00,9.9,0.00
2023-09-29T10:00,9.7,0.00
2023-09-29T11:00,9.9,0.00
2023-09-29T12:00,10.4,0.00
2023-09-29T13:00,10.5,0.00
2023-09-29T14:00,13.5,0.00
2023-09-29T15:00,15.3,0.00
2023-09-29T16:00,17.0,0.00
2023-09-29T17:00,18.9,0.00
2023-09-29T18:00,20.7,0.00
2023-09-29T19:00,21.9,0.00
2023-09-29T20:00,23.1,0.00
2023-09-29T21:00,23.9,0.00
2023-09-29T22:00,23.6,0.00
2023-09-29T23:00,22.8,0.00
2023-09-30T00:00,19.5,0.00
2023-09-30T01:00,17.0,0.00
2023-09-30T02:00,16.7,0.00
2023-09-30T03:00,15.9,0.00
2023-09-30T04:00,14.2,0.00
2023-09-30T05:00,12.8,0.00
2023-09-30T06:00,12.7,0.00
2023-09-30T07:00,12.0,0.00
2023-09-30T08:00,10.8,0.00
2023-09-30T09:00,10.2,0.00
2023-09-30T10:00,10.5,0.00
2023-09-30T11:00,11.6,0.00
2023-09-30T12:00,10.9,0.00
2023-09-30T13:00,10.9,0.00
2023-09-30T14:00,14.0,0.00
2023-09-30T15:00,15.9,0.00
2023-09-30T16:00,17.6,0.00
2023-09-30T17:00,19.4,0.00
2023-09-30T18:00,21.0,0.00
2023-09-30T19:00,22.4,0.00
2023-09-30T20:00,22.8,0.00
2023-09-30T21:00,23.6,0.00
2023-09-30T22:00,23.9,0.00
2023-09-30T23:00,23.1,0.00
2023-10-01T00:00,20.5,0.00
2023-10-01T01:00,19.5,0.00
2023-10-01T02:00,18.0,0.00
2023-10-01T03:00,16.6,0.00
2023-10-01T04:00,15.4,0.00
2023-10-01T05:00,13.9,0.00
2023-10-01T06:00,12.8,0.00
2023-10-01T07:00,12.1,0.00
2023-10-01T08:00,11.7,0.00
2023-10-01T09:00,11.2,0.00
2023-10-01T10:00,10.4,0.00
2023-10-01T11:00,10.5,0.00
2023-10-01T12:00,13.0,0.00
2023-10-01T13:00,12.3,0.00
2023-10-01T14:00,13.7,0.00
2023-10-01T15:00,16.1,0.00
2023-10-01T16:00,17.8,0.00
2023-10-01T17:00,19.8,0.00
2023-10-01T18:00,21.4,0.00
2023-10-01T19:00,22.3,0.00
2023-10-01T20:00,23.0,0.00
2023-10-01T21:00,23.4,0.00
2023-10-01T22:00,23.7,0.00
2023-10-01T23:00,22.7,0.00
2023-10-02T00:00,20.5,0.00
2023-10-02T01:00,19.9,0.00
2023-10-02T02:00,18.4,0.10
2023-10-02T03:00,16.8,0.00
2023-10-02T04:00,16.0,0.00
2023-10-02T05:00,15.0,0.00
2023-10-02T06:00,14.3,0.00
2023-10-02T07:00,13.1,0.00
2023-10-02T08:00,12.8,0.00
2023-10-02T09:00,13.2,0.00
2023-10-02T10:00,12.4,0.00
2023-10-02T11:00,12.6,0.00
2023-10-02T12:00,12.0,0.00
2023-10-02T13:00,12.9,0.00
2023-10-02T14:00,13.4,0.00
2023-10-02T15:00,15.2,0.00
2023-10-02T16:00,17.2,0.00
2023-10-02T17:00,19.4,0.00
2023-10-02T18:00,20.6,0.00
2023-10-02T19:00,22.1,0.00
2023-10-02T20:00,22.3,0.00
2023-10-02T21:00,23.3,0.00
2023-10-02T22:00,23.9,0.00
2023-10-02T23:00,21.9,0.00
2023-10-03T00:00,17.6,0.00
2023-10-03T01:00,16.1,1.50
2023-10-03T02:00,14.7,0.10
2023-10-03T03:00,15.0,0.00
2023-10-03T04:00,15.1,0.10
2023-10-03T05:00,14.4,0.10
2023-10-03T06:00,13.5,0.00
2023-10-03T07:00,13.6,0.00
2023-10-03T08:00,13.4,0.00
2023-10-03T09:00,12.7,0.00
2023-10-03T10:00,13.1,0.10
2023-10-03T11:00,13.0,0.40
2023-10-03T12:00,12.9,0.60
2023-10-03T13:00,13.3,0.10
2023-10-03T14:00,14.0,0.10
2023-10-03T15:00,16.0,0.10
2023-10-03T16:00,17.8,0.00
2023-10-03T17:00,19.8,0.00
2023-10-03T18:00,21.4,0.00
2023-10-03T19:00,20.7,1.70
2023-10-03T20:00,19.4,3.20
2023-10-03T21:00,21.2,0.00
2023-10-03T22:00,21.0,0.00
2023-10-03T23:00,18.8,0.00
2023-10-04T00:00,17.8,0.00
2023-10-04T01:00,16.9,0.00
2023-10-04T02:00,14.9,2.00
2023-10-04T03:00,14.5,0.80
2023-10-04T04:00,14.0,1.70
2023-10-04T05:00,14.3,2.20
2023-10-04T06:00,13.5,0.20
2023-10-04T07:00,13.8,0.40
2023-10-04T08:00,14.3,0.30
2023-10-04T09:00,13.8,0.00
2023-10-04T10:00,13.4,0.00
2023-10-04T11:00,13.0,0.00
2023-10-04T12:00,11.4,0.00
2023-10-04T13:00,12.0,0.00
2023-10-04T14:00,14.3,0.00
2023-10-04T15:00,16.3,0.00
2023-10-04T16:00,17.7,0.20
2023-10-04T17:00,19.2,0.30
2023-10-04T18:00,20.1,0.10
2023-10-04T19:00,21.7,0.10
2023-10-04T20:00,22.3,0.00
2023-10-04T21:00,19.8,3.00
2023-10-04T22:00,21.2,0.20
2023-10-04T23:00,20.2,0.10
2023-10-05T00:00,17.9,1.60
2023-10-05T01:00,15.3,0.00
2023-10-05T02:00,14.6,0.00
2023-10-05T03:00,14.0,0.00
2023-10-05T04:00,14.3,0.00
2023-10-05T05:00,14.1,0.00
2023-10-05T06:00,12.6,0.30
2023-10-05T07:00,12.4,0.10
2023-10-05T08:00,12.8,0.00
2023-10-05T09:00,12.6,0.00
2023-10-05T10:00,11.6,0.00
2023-10-05T11:00,12.3,0.00
2023-10-05T12:00,12.4,0.00
2023-10-05T13:00,13.0,0.00
2023-10-05T14:00,14.8,0.00
2023-10-05T15:00,16.6,0.00
2023-10-05T16:00,19.1,0.00
2023-10-05T17:00,20.7,0.00
2023-10-05T18:00,22.1,0.00
2023-10-05T19:00,22.8,0.00
2023-10-05T20:00,22.8,0.00
2023-10-05T21:00,22.8,0.10
2023-10-05T22:00,21.7,0.40
2023-10-05T23:00,21.7,0.10
2023-10-06T00:00,19.0,0.00
2023-10-06T01:00,18.4,0.00
2023-10-06T02:00,16.0,0.00
2023-10-06T03:00,15.1,0.00
2023-10-06T04:00,13.8,0.10
2023-10-06T05:00,13.7,0.30
2023-10-06T06:00,13.5,0.10
2023-10-06T07:00,13.0,0.00
2023-10-06T08:00,12.8,0.00
2023-10-06T09:00,11.4,0.00
2023-10-06T10:00,11.3,0.00
2023-10-06T11:00,10.8,0.00
2023-10-06T12:00,11.2,0.00
2023-10-06T13:00,11.3,0.00
2023-10-06T14:00,13.6,0.00
2023-10-06T15:00,14.9,0.00
2023-10-06T16:00,16.6,0.00
2023-10-06T17:00,18.6,0.00
2023-10-06T18:00,20.0,0.00
2023-10-06T19:00,21.3,0.00
2023-10-06T20:00,21.8,0.00
2023-10-06T21:00,22.2,0.00
2023-10-06T22:00,22.1,0.00
2023-10-06T23:00,22.3,0.00
2023-10-07T00:00,19.0,0.00
2023-10-07T01:00,15.8,0.00
2023-10-07T02:00,15.1,0.00
2023-10-07T03:00,14.0,0.10
2023-10-07T04:00,13.6,0.30
2023-10-07T05:00,13.5,0.80
2023-10-07T06:00,13.2,0.30
2023-10-07T07:00,12.9,0.30
2023-10-07T08:00,12.6,0.10
2023-10-07T09:00,12.8,0.10
2023-10-07T10:00,12.8,0.20
2023-10-07T11:00,12.7,0.40
2023-10-07T12:00,12.4,0.30
2023-10-07T13:00,12.7,0.20
2023-10-07T14:00,12.4,0.60
2023-10-07T15:00,12.9,0.80
2023-10-07T16:00,15.5,0.70
2023-10-07T17:00,17.3,0.40
2023-10-07T18:00,18.0,0.10
2023-10-07T19:00,19.6,0.30
2023-10-07T20:00,19.9,0.60
2023-10-07T21:00,18.7,0.60
2023-10-07T22:00,16.0,0.50
2023-10-07T23:00,16.1,0.80
2023-10-08T00:00,13.5,1.60
2023-10-08T01:00,12.6,3.20
2023-10-08T02:00,12.1,2.90
2023-10-08T03:00,11.6,1.60
2023-10-08T04:00,11.2,0.40
2023-10-08T05:00,11.2,0.10
2023-10-08T06:00,11.1,0.30
2023-10-08T07:00,11.1,0.30
2023-10-08T08:00,11.3,0.10
2023-10-08T09:00,11.3,0.20
2023-10-08T10:00,11.3,0.10
2023-10-08T11:00,11.3,0.10
2023-10-08T12:00,11.3,0.00
2023-10-08T13:00,11.2,0.20
2023-10-08T14:00,11.4,0.20
2023-10-08T15:00,12.1,0.10
2023-10-08T16:00,12.7,0.00
2023-10-08T17:00,13.6,0.30
2023-10-08T18:00,14.8,0.40
2023-10-08T19:00,15.4,0.30
2023-10-08T20:00,15.7,0.20
2023-10-08T21:00,16.1,0.20
2023-10-08T22:00,16.6,0.10
2023-10-08T23:00,15.1,0.30
2023-10-09T00:00,13.9,0.60
2023-10-09T01:00,13.3,1.50
2023-10-09T02:00,12.9,0.60
2023-10-09T03:00,12.8,0.40
2023-10-09T04:00,12.4,0.40
2023-10-09T05:00,12.2,0.90
2023-10-09T06:00,11.9,0.90
2023-10-09T07:00,11.8,0.60
2023-10-09T08:00,11.7,0.60
2023-10-09T09:00,11.5,0.50
2023-10-09T10:00,11.3,0.20
2023-10-09T11:00,11.3,0.10
2023-10-09T12:00,11.9,0.10
2023-10-09T13:00,12.0,0.50
2023-10-09T14:00,12.4,0.30
2023-10-09T15:00,12.9,0.60
2023-10-09T16:00,13.8,0.80
2023-10-09T17:00,14.9,0.60
2023-10-09T18:00,16.9,0.70
2023-10-09T19:00,17.4,0.20
2023-10-09T20:00,18.9,0.00
2023-10-09T21:00,19.6,0.00
2023-10-09T22:00,19.2,0.00
2023-10-09T23:00,18.0,0.00
2023-10-10T00:00,15.0,0.00
2023-10-10T01:00,14.4,0.30
2023-10-10T02:00,14.0,0.20
2023-10-10T03:00,13.9,0.30
2023-10-10T04:00,13.9,0.30
2023-10-10T05:00,13.8,0.60
2023-10-10T06:00,13.4,1.40
2023-10-10T07:00,13.1,0.80
2023-10-10T08:00,12.9,0.40
2023-10-10T09:00,12.8,0.30
2023-10-10T10:00,12.5,0.00
2023-10-10T11:00,12.8,0.00
2023-10-10T12:00,12.8,0.10
2023-10-10T13:00,13.3,0.00
2023-10-10T14:00,14.3,0.00
2023-10-10T15:00,15.5,0.00
2023-10-10T16:00,18.0,0.00
2023-10-10T17:00,19.5,0.10
2023-10-10T18:00,20.9,0.10
2023-10-10T19:00,21.5,0.10
2023-10-10T20:00,21.9,0.00
2023-10-10T21:00,21.5,0.00
2023-10-10T22:00,20.4,0.00
2023-10-10T23:00,19.0,0.00
2023-10-11T00:00,14.8,0.00
2023-10-11T01:00,14.0,0.10
2023-10-11T02:00,13.3,0.00
2023-10-11T03:00,13.0,0.00
2023-10-11T04:00,12.5,0.00
2023-10-11T05:00,12.5,0.00
2023-10-11T06:00,12.8,0.00
2023-10-11T07:00,13.0,0.10
2023-10-11T08:00,13.1,0.20
2023-10-11T09:00,13.2,0.20
2023-10-11T10:00,12.8,0.60
2023-10-11T11:00,13.3,0.20
2023-10-11T12:00,13.1,0.20
2023-10-11T13:00,13.3,0.30
2023-10-11T14:00,13.7,0.20
2023-10-11T15:00,14.3,0.30
2023-10-11T16:00,15.8,0.40
2023-10-11T17:00,15.8,0.10
2023-10-11T18:00,15.7,0.10
2023-10-11T19:00,17.6,0.00
2023-10-11T20:00,18.8,0.00
2023-10-11T21:00,19.4,0.00
2023-10-11T22:00,19.2,0.10
2023-10-11T23:00,18.2,0.00
2023-10-12T00:00,15.8,0.00
2023-10-12T01:00,13.7,0.00
2023-10-12T02:00,12.7,0.00
2023-10-12T03:00,12.8,0.00
2023-10-12T04:00,11.9,0.00
2023-10-12T05:00,12.0,0.00
2023-10-12T06:00,12.5,0.00
2023-10-12T07:00,12.7,0.00
2023-10-12T08:00,12.2,0.00
2023-10-12T09:00,11.8,0.00
2023-10-12T10:00,11.0,0.00
2023-10-12T11:00,11.0,0.00
2023-10-12T12:00,10.9,0.00
2023-10-12T13:00,10.9,0.00
2023-10-12T14:00,13.7,0.00
2023-10-12T15:00,16.1,0.00
2023-10-12T16:00,18.0,0.00
2023-10-12T17:00,19.9,0.10
2023-10-12T18:00,20.7,0.40
2023-10-12T19:00,21.5,0.50
2023-10-12T20:00,21.6,0.40
2023-10-12T21:00,21.6,0.10
2023-10-12T22:00,20.4,0.10
2023-10-12T23:00,17.3,6.30
2023-10-13T00:00,18.0,0.00
2023-10-13T01:00,15.1,0.00
2023-10-13T02:00,14.4,0.00
2023-10-13T03:00,14.0,0.00
2023-10-13T04:00,13.0,0.00
2023-10-13T05:00,12.5,0.00
2023-10-13T06:00,12.2,0.00
2023-10-13T07:00,11.6,0.00
2023-10-13T08:00,11.3,0.00
2023-10-13T09:00,10.9,0.00
2023-10-13T10:00,10.6,0.00
2023-10-13T11:00,11.1,0.00
2023-10-13T12:00,11.9,0.00
2023-10-13T13:00,11.4,0.00
2023-10-13T14:00,14.8,0.00
2023-10-13T15:00,16.2,0.00
2023-10-13T16:00,17.8,0.00
2023-10-13T17:00,19.3,0.00
2023-10-13T18:00,20.6,0.00
2023-10-13T19:00,21.6,0.10
2023-10-13T20:00,21.4,0.00
2023-10-13T21:00,20.8,0.00
2023-10-13T22:00,21.2,0.00
2023-10-13T23:00,18.4,1.60
2023-10-14T00:00,18.4,0.00
2023-10-14T01:00,15.5,0.10
2023-10-14T02:00,14.4,5.30
2023-10-14T03:00,14.5,0.70
2023-10-14T04:00,13.9,1.10
2023-10-14T05:00,13.9,0.00
2023-10-14T06:00,12.8,0.00
2023-10-14T07:00,11.9,0.00
2023-10-14T08:00,11.2,0.00
2023-10-14T09:00,11.0,0.00
2023-10-14T10:00,11.6,0.00
2023-10-14T11:00,12.0,0.50
2023-10-14T12:00,11.2,0.10
2023-10-14T13:00,12.0,0.00
2023-10-14T14:00,13.6,0.00
2023-10-14T15:00,14.9,0.00
2023-10-14T16:00,16.3,0.00
2023-10-14T17:00,17.8,0.00
2023-10-14T18:00,19.4,0.00
2023-10-14T19:00,20.6,0.00
2023-10-14T20:00,22.0,0.00
2023-10-14T21:00,22.2,0.00
2023-10-14T22:00,23.4,0.00
2023-10-14T23:00,20.6,0.00
2023-10-15T00:00,16.7,0.00
2023-10-15T01:00,15.5,0.00
2023-10-15T02:00,15.0,0.00
2023-10-15T03:00,13.5,0.00
2023-10-15T04:00,13.5,0.20
2023-10-15T05:00,13.0,0.40
2023-10-15T06:00,12.5,0.80
2023-10-15T07:00,12.7,0.50
2023-10-15T08:00,12.3,0.40
2023-10-15T09:00,12.3,0.10
2023-10-15T10:00,11.8,0.20
2023-10-15T11:00,12.0,0.20
2023-10-15T12:00,11.9,0.20
2023-10-15T13:00,11.9,0.20
2023-10-15T14:00,12.2,0.20
2023-10-15T15:00,13.6,0.00
2023-10-15T16:00,15.2,0.30
2023-10-15T17:00,14.8,0.40
2023-10-15T18:00,16.9,0.20
2023-10-15T19:00,17.8,0.20
2023-10-15T20:00,18.8,0.10
2023-10-15T21:00,16.7,0.40
2023-10-15T22:00,16.6,0.20
2023-10-15T23:00,15.0,0.70
2023-10-16T00:00,13.3,0.40
2023-10-16T01:00,12.5,0.20
2023-10-16T02:00,11.7,0.20
2023-10-16T03:00,11.1,0.30
2023-10-16T04:00,10.9,0.30
2023-10-16T05:00,10.8,0.20
2023-10-16T06:00,10.5,0.20
2023-10-16T07:00,10.3,0.20
2023-10-16T08:00,10.2,0.10
2023-10-16T09:00,10.0,0.10
2023-10-16T10:00,10.0,0.10
2023-10-16T11:00,9.9,0.20
2023-10-16T12:00,9.8,0.40
2023-10-16T13:00,9.7,0.40
2023-10-16T14:00,10.0,0.30
2023-10-16T15:00,10.7,0.20
2023-10-16T16:00,12.2,0.20
2023-10-16T17:00,13.8,0.10
2023-10-16T18:00,15.0,0.00
2023-10-16T19:00,16.8,0.00
2023-10-16T20:00,17.7,0.00
2023-10-16T21:00,19.1,0.00
2023-10-16T22:00,18.4,0.00
2023-10-16T23:00,16.2,0.00
2023-10-17T00:00,13.9,0.00
2023-10-17T01:00,13.2,0.00
2023-10-17T02:00,12.4,0.00
2023-10-17T03:00,11.4,0.00
2023-10-17T04:00,10.0,0.00
2023-10-17T05:00,9.1,0.00
2023-10-17T06:00,9.0,0.10
2023-10-17T07:00,8.9,0.00
2023-10-17T08:00,8.7,0.00
2023-10-17T09:00,8.6,0.00
2023-10-17T10:00,8.1,0.00
2023-10-17T11:00,6.7,0.00
2023-10-17T12:00,7.8,0.00
2023-10-17T13:00,8.2,0.00
2023-10-17T14:00,9.6,0.00
2023-10-17T15:00,10.7,0.00
2023-10-17T16:00,12.1,0.00
2023-10-17T17:00,13.5,0.00
2023-10-17T18:00,15.0,0.00
2023-10-17T19:00,16.6,0.00
2023-10-17T20:00,17.7,0.00
2023-10-17T21:00,18.4,0.00
2023-10-17T22:00,18.4,0.00
2023-10-17T23:00,17.7,0.00
2023-10-18T00:00,14.8,0.00
2023-10-18T01:00,12.9,0.00
2023-10-18T02:00,12.4,0.00
2023-10-18T03:00,11.0,0.00
2023-10-18T04:00,10.1,0.00
2023-10-18T05:00,11.1,0.00
2023-10-18T06:00,10.9,0.00
2023-10-18T07:00,10.2,0.00
2023-10-18T08:00,9.7,0.00
2023-10-18T09:00,9.2,0.00
2023-10-18T10:00,8.6,0.00
2023-10-18T11:00,8.1,0.00
2023-10-18T12:00,8.5,0.00
2023-10-18T13:00,8.5,0.00
2023-10-18T14:00,11.2,0.00
2023-10-18T15:00,13.1,0.00
2023-10-18T16:00,15.5,0.00
2023-10-18T17:00,17.5,0.00
2023-10-18T18:00,19.3,0.00
2023-10-18T19:00,20.3,0.00
2023-10-18T20:00,21.0,0.00
2023-10-18T21:00,20.8,0.00
2023-10-18T22:00,20.7,0.00
2023-10-18T23:00,19.7,0.00
2023-10-19T00:00,16.3,0.00
2023-10-19T01:00,14.4,0.00
2023-10-19T02:00,13.8,0.00
2023-10-19T03:00,14.0,0.00
2023-10-19T04:00,13.6,0.00
2023-10-19T05:00,11.7,0.00
2023-10-19T06:00,10.4,0.00
2023-10-19T07:00,9.8,0.00
2023-10-19T08:00,9.4,0.00
2023-10-19T09:00,8.4,0.00
2023-10-19T10:00,9.2,0.00
2023-10-19T11:00,9.7,0.00
2023-10-19T12:00,10.2,0.00
2023-10-19T13:00,9.3,0.00
2023-10-19T14:00,13.1,0.00
2023-10-19T15:00,15.1,0.00
2023-10-19T16:00,16.8,0.00
2023-10-19T17:00,18.4,0.00
2023-10-19T18:00,19.8,0.00
2023-10-19T19:00,20.9,0.00
2023-10-19T20:00,21.4,0.00
2023-10-19T21:00,21.6,0.00
2023-10-19T22:00,20.8,0.00
2023-10-19T23:00,19.8,0.00
2023-10-20T00:00,17.0,0.00
2023-10-20T01:00,16.3,0.00
2023-10-20T02:00,14.3,0.00
2023-10-20T03:00,12.7,0.00
2023-10-20T04:00,11.8,0.00
2023-10-20T05:00,11.2,0.00
2023-10-20T06:00,10.3,0.00
2023-10-20T07:00,8.9,0.00
2023-10-20T08:00,8.3,0.00
2023-10-20T09:00,8.5,0.00
2023-10-20T10:00,9.0,0.00
2023-10-20T11:00,10.8,0.00
2023-10-20T12:00,10.1,0.00
2023-10-20T13:00,11.8,0.00
2023-10-20T14:00,12.2,0.00
2023-10-20T15:00,13.1,0.00
2023-10-20T16:00,15.5,0.00
2023-10-20T17:00,17.4,0.00
2023-10-20T18:00,19.2,0.00
2023-10-20T19:00,20.5,0.00
2023-10-20T20:00,20.7,0.00
2023-10-20T21:00,21.5,0.00
2023-10-20T22:00,21.6,0.00
2023-10-20T23:00,20.5,0.00
2023-10-21T00:00,15.7,0.00
2023-10-21T01:00,13.9,0.00
2023-10-21T02:00,12.6,0.00
2023-10-21T03:00,13.3,0.00
2023-10-21T04:00,11.6,0.00
2023-10-21T05:00,10.3,0.00
2023-10-21T06:00,9.5,0.00
2023-10-21T07:00,9.4,0.00
2023-10-21T08:00,9.1,0.00
2023-10-21T09:00,8.6,0.00
2023-10-21T10:00,7.8,0.00
2023-10-21T11:00,7.4,0.00
2023-10-21T12:00,8.6,0.00
2023-10-21T13:00,9.0,0.00
2023-10-21T14:00,12.7,0.00
2023-10-21T15:00,14.7,0.00
2023-10-21T16:00,16.8,0.00
2023-10-21T17:00,19.1,0.00
2023-10-21T18:00,20.9,0.00
2023-10-21T19:00,22.0,0.00
2023-10-21T20:00,22.8,0.00
2023-10-21T21:00,22.8,0.00
2023-10-21T22:00,22.4,0.00
2023-10-21T23:00,20.6,0.00
2023-10-22T00:00,17.3,0.00
2023-10-22T01:00,14.9,0.00
2023-10-22T02:00,13.3,0.00
2023-10-22T03:00,12.6,0.00
2023-10-22T04:00,12.0,0.00
2023-10-22T05:00,12.3,0.00
2023-10-22T06:00,11.9,0.00
2023-10-22T07:00,11.5,0.00
2023-10-22T08:00,11.0,0.00
2023-10-22T09:00,10.3,0.00
2023-10-22T10:00,9.9,0.00
2023-10-22T11:00,9.7,0.00
2023-10-22T12:00,9.7,0.00
2023-10-22T13:00,9.6,0.00
2023-10-22T14:00,13.8,0.00
2023-10-22T15:00,16.1,0.00
2023-10-22T16:00,18.3,0.00
2023-10-22T17:00,20.4,0.00
2023-10-22T18:00,21.8,0.00
2023-10-22T19:00,22.8,0.00
2023-10-22T20:00,23.0,0.00
2023-10-22T21:00,21.8,0.00
2023-10-22T22:00,21.1,0.00
2023-10-22T23:00,19.8,0.00
2023-10-23T00:00,17.0,0.00
2023-10-23T01:00,14.8,0.00
2023-10-23T02:00,13.1,0.00
2023-10-23T03:00,12.6,0.00
2023-10-23T04:00,12.7,0.00
2023-10-23T05:00,12.9,0.00
2023-10-23T06:00,11.9,0.00
2023-10-23T07:00,11.8,0.00
2023-10-23T08:00,11.3,0.00
2023-10-23T09:00,10.5,0.00
2023-10-23T10:00,9.7,0.00
2023-10-23T11:00,9.3,0.00
2023-10-23T12:00,9.0,0.00
2023-10-23T13:00,9.5,0.00
2023-10-23T14:00,14.3,0.00
2023-10-23T15:00,16.5,0.00
2023-10-23T16:00,18.5,0.00
2023-10-23T17:00,20.2,0.00
2023-10-23T18:00,21.4,0.00
2023-10-23T19:00,22.1,0.00
2023-10-23T20:00,21.9,0.00
2023-10-23T21:00,20.6,0.00
2023-10-23T22:00,20.0,0.00
2023-10-23T23:00,19.1,0.00
2023-10-24T00:00,16.7,0.00
2023-10-24T01:00,14.4,0.00
2023-10-24T02:00,13.3,0.00
2023-10-24T03:00,12.9,0.00
2023-10-24T04:00,12.0,0.00
2023-10-24T05:00,11.1,0.00
2023-10-24T06:00,10.9,0.00
2023-10-24T07:00,10.8,0.00
2023-10-24T08:00,10.2,0.00
2023-10-24T09:00,9.8,0.00
2023-10-24T10:00,9.3,0.00
2023-10-24T11:00,8.8,0.00
2023-10-24T12:00,8.6,0.00
2023-10-24T13:00,9.7,0.00
2023-10-24T14:00,14.3,0.00
2023-10-24T15:00,16.3,0.00
2023-10-24T16:00,18.2,0.00
2023-10-24T17:00,20.5,0.00
2023-10-24T18:00,21.7,0.00
2023-10-24T19:00,20.6,0.00
2023-10-24T20:00,20.4,0.20
2023-10-24T21:00,20.6,0.10
2023-10-24T22:00,20.3,0.10
2023-10-24T23:00,18.8,0.00
2023-10-25T00:00,17.2,0.10
2023-10-25T01:00,15.0,0.00
2023-10-25T02:00,13.7,0.10
2023-10-25T03:00,13.9,0.90
2023-10-25T04:00,14.0,0.90
2023-10-25T05:00,13.9,0.60
2023-10-25T06:00,13.2,0.20
2023-10-25T07:00,12.4,0.00
2023-10-25T08:00,12.2,0.00
2023-10-25T09:00,12.9,0.10
2023-10-25T10:00,12.3,0.10
2023-10-25T11:00,11.7,0.20
2023-10-25T12:00,12.0,0.30
2023-10-25T13:00,13.6,2.20
2023-10-25T14:00,13.2,1.30
2023-10-25T15:00,14.0,0.20
2023-10-25T16:00,14.3,0.90
2023-10-25T17:00,14.0,3.30
2023-10-25T18:00,13.9,2.10
2023-10-25T19:00,14.3,1.10
2023-10-25T20:00,15.7,0.90
2023-10-25T21:00,15.3,1.60
2023-10-25T22:00,15.0,2.20
2023-10-25T23:00,15.0,0.70
2023-10-26T00:00,14.3,0.30
2023-10-26T01:00,13.5,0.80
2023-10-26T02:00,13.3,1.00
2023-10-26T03:00,13.1,0.60
2023-10-26T04:00,13.0,0.10
2023-10-26T05:00,13.0,0.10
2023-10-26T06:00,12.8,0.00
2023-10-26T07:00,12.3,0.00
2023-10-26T08:00,12.4,0.40
2023-10-26T09:00,11.9,0.70
2023-10-26T10:00,11.7,0.20
2023-10-26T11:00,11.1,0.00
2023-10-26T12:00,10.7,0.00
2023-10-26T13:00,11.6,0.20
2023-10-26T14:00,13.6,0.10
2023-10-26T15:00,15.1,0.00
2023-10-26T16:00,16.6,0.30
2023-10-26T17:00,17.9,0.20
2023-10-26T18:00,19.3,0.10
2023-10-26T19:00,20.1,0.10
2023-10-26T20:00,20.3,0.10
2023-10-26T21:00,20.4,0.00
2023-10-26T22:00,20.2,0.00
2023-10-26T23:00,19.7,0.00
2023-10-27T00:00,18.1,0.00
2023-10-27T01:00,13.3,0.00
2023-10-27T02:00,11.9,0.00
2023-10-27T03:00,11.2,0.00
2023-10-27T04:00,11.4,0.00
2023-10-27T05:00,11.3,0.00
2023-10-27T06:00,10.9,0.00
2023-10-27T07:00,10.7,0.00
2023-10-27T08:00,10.7,0.00
2023-10-27T09:00,9.5,0.00
2023-10-27T10:00,9.7,0.00
2023-10-27T11:00,10.1,0.00
2023-10-27T12:00,10.7,0.00
2023-10-27T13:00,10.4,0.00
2023-10-27T14:00,13.5,0.00
2023-10-27T15:00,14.9,0.00
2023-10-27T16:00,16.4,0.00
2023-10-27T17:00,17.8,0.10
2023-10-27T18:00,19.3,0.10
2023-10-27T19:00,20.3,0.00
2023-10-27T20:00,21.0,0.00
2023-10-27T21:00,21.3,0.00
2023-10-27T22:00,19.9,0.10
2023-10-27T23:00,19.5,0.00
2023-10-28T00:00,16.9,0.00
2023-10-28T01:00,14.1,1.80
2023-10-28T02:00,13.0,1.10
2023-10-28T03:00,12.3,0.00
2023-10-28T04:00,11.4,0.00
2023-10-28T05:00,12.9,0.00
2023-10-28T06:00,12.0,0.00
2023-10-28T07:00,11.6,0.00
2023-10-28T08:00,11.0,0.00
2023-10-28T09:00,10.5,0.00
2023-10-28T10:00,10.7,0.00
2023-10-28T11:00,10.6,0.00
2023-10-28T12:00,9.7,0.00
2023-10-28T13:00,11.0,0.00
2023-10-28T14:00,11.9,0.00
2023-10-28T15:00,13.0,0.10
2023-10-28T16:00,14.7,0.00
2023-10-28T17:00,16.7,0.00
2023-10-28T18:00,18.1,0.00
2023-10-28T19:00,19.5,0.00
2023-10-28T20:00,20.5,0.00
2023-10-28T21:00,20.7,0.00
2023-10-28T22:00,20.6,0.00
2023-10-28T23:00,20.0,0.00
2023-10-29T00:00,16.2,0.00
2023-10-29T01:00,14.7,0.10
2023-10-29T02:00,14.2,0.80
2023-10-29T03:00,13.6,0.00
2023-10-29T04:00,12.5,0.00
2023-10-29T05:00,12.9,0.00
2023-10-29T06:00,12.6,0.00
2023-10-29T07:00,11.3,0.00
2023-10-29T08:00,10.2,0.00
2023-10-29T09:00,9.9,0.00
2023-10-29T10:00,9.9,0.00
2023-10-29T11:00,9.5,0.00
2023-10-29T12:00,8.7,0.00
2023-10-29T13:00,10.8,0.00
2023-10-29T14:00,12.4,0.00
2023-10-29T15:00,14.2,0.00
2023-10-29T16:00,15.5,0.00
2023-10-29T17:00,16.8,0.00
2023-10-29T18:00,18.2,0.00
2023-10-29T19:00,19.9,0.00
2023-10-29T20:00,20.8,0.00
2023-10-29T21:00,21.2,0.00
2023-10-29T22:00,21.0,0.00
2023-10-29T23:00,19.9,0.00
2023-10-30T00:00,16.1,0.00
2023-10-30T01:00,14.9,0.00
2023-10-30T02:00,14.6,0.00
2023-10-30T03:00,13.3,0.00
2023-10-30T04:00,11.9,0.00
2023-10-30T05:00,10.8,0.00
2023-10-30T06:00,10.1,0.00
2023-10-30T07:00,9.6,0.00
2023-10-30T08:00,9.5,0.00
2023-10-30T09:00,10.6,0.00
2023-10-30T10:00,9.7,0.00
2023-10-30T11:00,7.9,0.00
2023-10-30T12:00,7.8,0.00
2023-10-30T13:00,9.2,0.00
2023-10-30T14:00,10.9,0.00
2023-10-30T15:00,12.2,0.00
2023-10-30T16:00,13.7,0.00
2023-10-30T17:00,15.4,0.00
2023-10-30T18:00,17.1,0.00
2023-10-30T19:00,18.7,0.00
2023-10-30T20:00,19.5,0.00
2023-10-30T21:00,19.9,0.00
2023-10-30T22:00,19.5,0.00
2023-10-30T23:00,18.6,0.00
2023-10-31T00:00,15.5,0.00
2023-10-31T01:00,14.2,0.00
2023-10-31T02:00,14.6,0.00
2023-10-31T03:00,13.8,0.00
2023-10-31T04:00,13.3,0.00
2023-10-31T05:00,12.8,0.10
2023-10-31T06:00,12.4,0.10
2023-10-31T07:00,12.2,0.00
2023-10-31T08:00,11.3,0.00
2023-10-31T09:00,10.3,0.00
2023-10-31T10:00,9.7,0.00
2023-10-31T11:00,9.3,0.00
2023-10-31T12:00,9.1,0.00
2023-10-31T13:00,7.4,0.00
2023-10-31T14:00,11.4,0.00
2023-10-31T15:00,13.4,0.00
2023-10-31T16:00,15.1,0.00
2023-10-31T17:00,17.0,0.00
2023-10-31T18:00,18.6,0.00
2023-10-31T19:00,19.6,0.00
2023-10-31T20:00,20.4,0.00
2023-10-31T21:00,21.0,0.00
2023-10-31T22:00,21.2,0.00
2023-10-31T23:00,19.8,0.00
2023-11-01T00:00,16.9,0.00
2023-11-01T01:00,15.8,0.00
2023-11-01T02:00,13.6,0.00
2023-11-01T03:00,12.1,0.00
2023-11-01T04:00,11.0,0.00
2023-11-01T05:00,10.0,0.00
2023-11-01T06:00,8.6,0.00
2023-11-01T07:00,9.2,0.00
2023-11-01T08:00,8.1,0.00
2023-11-01T09:00,7.3,0.00
2023-11-01T10:00,7.1,0.00
2023-11-01T11:00,5.4,0.00
2023-11-01T12:00,6.5,0.00
2023-11-01T13:00,7.4,0.00
2023-11-01T14:00,8.1,0.00
2023-11-01T15:00,9.9,0.00
2023-11-01T16:00,13.2,0.00
2023-11-01T17:00,14.8,0.00
2023-11-01T18:00,16.2,0.00
2023-11-01T19:00,17.2,0.00
2023-11-01T20:00,17.8,0.00
2023-11-01T21:00,18.4,0.00
2023-11-01T22:00,18.5,0.00
2023-11-01T23:00,18.2,0.10
2023-11-02T00:00,15.1,0.40
2023-11-02T01:00,12.7,0.00
2023-11-02T02:00,11.8,0.00
2023-11-02T03:00,10.5,0.00
2023-11-02T04:00,9.0,0.00
2023-11-02T05:00,8.9,0.00
2023-11-02T06:00,8.4,0.00
2023-11-02T07:00,8.3,0.00
2023-11-02T08:00,7.9,0.00
2023-11-02T09:00,7.6,0.00
2023-11-02T10:00,7.6,0.00
2023-11-02T11:00,7.4,0.00
2023-11-02T12:00,7.4,0.00
2023-11-02T13:00,7.1,0.00
2023-11-02T14:00,9.2,0.00
2023-11-02T15:00,11.7,0.00
2023-11-02T16:00,13.8,0.00
2023-11-02T17:00,15.6,0.00
2023-11-02T18:00,17.2,0.00
2023-11-02T19:00,18.1,0.00
2023-11-02T20:00,18.9,0.00
2023-11-02T21:00,19.3,0.00
2023-11-02T22:00,19.0,0.00
2023-11-02T23:00,17.5,0.00
2023-11-03T00:00,15.2,0.00
2023-11-03T01:00,13.4,0.60
2023-11-03T02:00,13.5,0.30
2023-11-03T03:00,12.2,0.00
2023-11-03T04:00,11.2,0.00
2023-11-03T05:00,10.5,0.00
2023-11-03T06:00,10.5,0.00
2023-11-03T07:00,10.5,0.00
2023-11-03T08:00,11.5,0.00
2023-11-03T09:00,10.8,0.00
2023-11-03T10:00,10.4,0.00
2023-11-03T11:00,9.9,0.00
2023-11-03T12:00,9.5,0.00
2023-11-03T13:00,8.9,0.00
2023-11-03T14:00,10.6,0.00
2023-11-03T15:00,12.6,0.00
2023-11-03T16:00,14.6,0.00
2023-11-03T17:00,16.7,0.00
2023-11-03T18:00,18.5,0.00
2023-11-03T19:00,19.8,0.00
2023-11-03T20:00,21.0,0.00
2023-11-03T21:00,21.3,0.00
2023-11-03T22:00,21.7,0.00
2023-11-03T23:00,19.0,0.00
2023-11-04T00:00,17.8,0.00
2023-11-04T01:00,16.3,0.00
2023-11-04T02:00,15.0,0.00
2023-11-04T03:00,13.6,0.00
2023-11-04T04:00,11.9,0.00
2023-11-04T05:00,10.1,0.00
2023-11-04T06:00,8.6,0.00
2023-11-04T07:00,9.2,0.00
2023-11-04T08:00,10.4,0.00
2023-11-04T09:00,10.1,0.00
2023-11-04T10:00,8.1,0.00
2023-11-04T11:00,6.7,0.00
2023-11-04T12:00,6.4,0.00
2023-11-04T13:00,6.6,0.00
2023-11-04T14:00,10.1,0.00
2023-11-04T15:00,12.6,0.00
2023-11-04T16:00,14.8,0.00
2023-11-04T17:00,16.4,0.00
2023-11-04T18:00,18.1,0.00
2023-11-04T19:00,19.6,0.00
2023-11-04T20:00,20.7,0.00
2023-11-04T21:00,21.1,0.00
2023-11-04T22:00,20.9,0.00
2023-11-04T23:00,20.1,0.00
2023-11-05T00:00,17.7,0.00
2023-11-05T01:00,14.9,0.00
2023-11-05T02:00,13.0,0.00
2023-11-05T03:00,11.3,0.00
2023-11-05T04:00,9.8,0.00
2023-11-05T05:00,8.6,0.00
2023-11-05T06:00,8.4,0.00
2023-11-05T07:00,10.4,0.00
2023-11-05T08:00,9.3,0.00
2023-11-05T09:00,8.4,0.00
2023-11-05T10:00,9.2,0.00
2023-11-05T11:00,7.4,0.00
2023-11-05T12:00,7.4,0.00
2023-11-05T13:00,8.8,0.00
2023-11-05T14:00,10.2,0.00
2023-11-05T15:00,12.3,0.00
2023-11-05T16:00,14.7,0.00
2023-11-05T17:00,17.2,0.00
2023-11-05T18:00,19.1,0.00
2023-11-05T19:00,20.7,0.00
2023-11-05T20:00,21.7,0.00
2023-11-05T21:00,22.2,0.00
2023-11-05T22:00,22.1,0.00
2023-11-05T23:00,21.1,0.00
2023-11-06T00:00,19.6,0.00
2023-11-06T01:00,13.9,0.00
2023-11-06T02:00,13.3,0.00
2023-11-06T03:00,13.2,0.00
2023-11-06T04:00,10.5,0.00
2023-11-06T05:00,11.8,0.00
2023-11-06T06:00,10.8,0.00
2023-11-06T07:00,10.2,0.00
2023-11-06T08:00,9.8,0.00
2023-11-06T09:00,9.7,0.00
2023-11-06T10:00,9.3,0.00
2023-11-06T11:00,8.9,0.00
2023-11-06T12:00,9.1,0.00
2023-11-06T13:00,8.9,0.00
2023-11-06T14:00,11.8,0.00
2023-11-06T15:00,14.4,0.00
2023-11-06T16:00,16.2,0.00
2023-11-06T17:00,18.8,0.00
2023-11-06T18:00,20.5,0.00
2023-11-06T19:00,21.9,0.00
2023-11-06T20:00,22.7,0.00
2023-11-06T21:00,23.2,0.00
2023-11-06T22:00,22.6,0.00
2023-11-06T23:00,21.7,0.00
2023-11-07T00:00,17.5,0.00
2023-11-07T01:00,13.9,0.00
2023-11-07T02:00,14.2,0.20
2023-11-07T03:00,14.2,0.20
2023-11-07T04:00,14.1,0.10
2023-11-07T05:00,12.4,0.00
2023-11-07T06:00,11.4,0.00
2023-11-07T07:00,11.1,0.00
2023-11-07T08:00,10.1,0.00
2023-11-07T09:00,10.9,0.00
2023-11-07T10:00,9.6,0.00
2023-11-07T11:00,10.2,0.00
2023-11-07T12:00,10.8,0.00
2023-11-07T13:00,11.5,0.00
2023-11-07T14:00,13.8,0.00
2023-11-07T15:00,16.8,0.00
2023-11-07T16:00,19.1,0.00
2023-11-07T17:00,21.2,0.00
2023-11-07T18:00,22.8,0.00
2023-11-07T19:00,23.3,0.00
2023-11-07T20:00,23.9,0.00
2023-11-07T21:00,23.3,0.00
2023-11-07T22:00,22.5,0.00
2023-11-07T23:00,21.8,0.00
2023-11-08T00:00,17.5,0.00
2023-11-08T01:00,15.7,0.00
2023-11-08T02:00,14.0,0.00
2023-11-08T03:00,13.5,0.00
2023-11-08T04:00,13.5,0.00
2023-11-08T05:00,13.2,0.00
2023-11-08T06:00,12.8,0.00
2023-11-08T07:00,12.5,0.00
2023-11-08T08:00,12.4,0.00
2023-11-08T09:00,12.1,0.00
2023-11-08T10:00,11.5,0.00
2023-11-08T11:00,11.2,0.00
2023-11-08T12:00,10.9,0.00
2023-11-08T13:00,11.2,0.00
2023-11-08T14:00,15.2,0.00
2023-11-08T15:00,17.1,0.00
2023-11-08T16:00,19.4,0.00
2023-11-08T17:00,21.2,0.00
2023-11-08T18:00,22.5,0.00
2023-11-08T19:00,23.3,0.00
2023-11-08T20:00,24.0,0.00
2023-11-08T21:00,24.3,0.00
2023-11-08T22:00,23.7,0.00
2023-11-08T23:00,20.8,0.00
2023-11-09T00:00,18.6,0.00
2023-11-09T01:00,16.0,0.00
2023-11-09T02:00,15.8,0.00
2023-11-09T03:00,15.4,0.00
2023-11-09T04:00,13.2,0.00
2023-11-09T05:00,13.6,0.00
2023-11-09T06:00,12.7,0.00
2023-11-09T07:00,11.8,0.00
2023-11-09T08:00,11.8,0.00
2023-11-09T09:00,11.9,0.00
2023-11-09T10:00,11.8,0.00
2023-11-09T11:00,11.6,0.00
2023-11-09T12:00,11.7,0.00
2023-11-09T13:00,11.4,0.00
2023-11-09T14:00,16.0,0.00
2023-11-09T15:00,18.2,0.00
2023-11-09T16:00,20.1,0.00
2023-11-09T17:00,21.9,0.00
2023-11-09T18:00,22.5,0.00
2023-11-09T19:00,20.7,0.00
2023-11-09T20:00,21.6,0.00
2023-11-09T21:00,22.2,0.00
2023-11-09T22:00,20.4,0.00
2023-11-09T23:00,19.0,0.00
2023-11-10T00:00,16.6,0.00
2023-11-10T01:00,15.1,0.00
2023-11-10T02:00,14.4,0.00
2023-11-10T03:00,12.8,1.10
2023-11-10T04:00,13.4,0.10
2023-11-10T05:00,13.5,0.10
2023-11-10T06:00,11.3,0.00
2023-11-10T07:00,11.0,0.00
2023-11-10T08:00,10.3,0.00
2023-11-10T09:00,9.8,0.00
2023-11-10T10:00,9.6,0.00
2023-11-10T11:00,9.7,0.00
2023-11-10T12:00,9.7,0.00
2023-11-10T13:00,9.5,0.00
2023-11-10T14:00,12.9,0.00
2023-11-10T15:00,15.1,0.00
2023-11-10T16:00,17.3,0.00
2023-11-10T17:00,19.1,0.00
2023-11-10T18:00,20.4,0.00
2023-11-10T19:00,20.5,0.00
2023-11-10T20:00,20.2,0.10
2023-11-10T21:00,20.9,0.00
2023-11-10T22:00,20.9,0.00
2023-11-10T23:00,19.6,0.00
2023-11-11T00:00,16.2,0.10
2023-11-11T01:00,13.9,3.30
2023-11-11T02:00,13.6,1.70
2023-11-11T03:00,12.5,0.10
2023-11-11T04:00,12.6,0.30
2023-11-11T05:00,11.7,0.00
2023-11-11T06:00,12.7,0.10
2023-11-11T07:00,12.4,0.10
2023-11-11T08:00,11.7,0.00
2023-11-11T09:00,11.7,0.00
2023-11-11T10:00,10.1,0.10
2023-11-11T11:00,10.3,0.00
2023-11-11T12:00,11.0,0.00
2023-11-11T13:00,11.0,0.00
2023-11-11T14:00,12.7,0.10
2023-11-11T15:00,14.0,0.10
2023-11-11T16:00,15.5,0.10
2023-11-11T17:00,17.5,0.00
2023-11-11T18:00,19.3,0.10
2023-11-11T19:00,20.3,0.00
2023-11-11T20:00,21.2,0.00
2023-11-11T21:00,21.3,0.00
2023-11-11T22:00,20.2,0.00
2023-11-11T23:00,19.5,0.00
2023-11-12T00:00,16.4,0.00
2023-11-12T01:00,13.0,0.00
2023-11-12T02:00,11.5,0.00
2023-11-12T03:00,11.0,0.00
2023-11-12T04:00,10.4,0.00
2023-11-12T05:00,10.5,0.00
2023-11-12T06:00,10.0,0.00
2023-11-12T07:00,9.4,0.00
2023-11-12T08:00,8.8,0.00
2023-11-12T09:00,8.6,0.00
2023-11-12T10:00,9.0,0.00
2023-11-12T11:00,9.7,0.00
2023-11-12T12:00,6.5,0.00
2023-11-12T13:00,10.0,0.00
2023-11-12T14:00,11.7,0.00
2023-11-12T15:00,13.2,0.00
2023-11-12T16:00,15.4,0.00
2023-11-12T17:00,18.1,0.00
2023-11-12T18:00,20.1,0.00
2023-11-12T19:00,21.0,0.00
2023-11-12T20:00,20.9,0.10
2023-11-12T21:00,20.6,0.10
2023-11-12T22:00,20.6,0.00
2023-11-12T23:00,19.7,0.00
2023-11-13T00:00,16.5,0.00
2023-11-13T01:00,14.6,0.50
2023-11-13T02:00,13.9,0.40
2023-11-13T03:00,14.0,0.10
2023-11-13T04:00,13.3,0.00
2023-11-13T05:00,13.5,0.00
2023-11-13T06:00,13.1,0.10
2023-11-13T07:00,12.8,0.30
2023-11-13T08:00,12.5,0.20
2023-11-13T09:00,12.1,0.20
2023-11-13T10:00,11.9,0.00
2023-11-13T11:00,11.7,0.00
2023-11-13T12:00,11.5,0.10
2023-11-13T13:00,11.8,0.10
2023-11-13T14:00,11.8,0.20
2023-11-13T15:00,12.8,0.10
2023-11-13T16:00,15.0,0.10
2023-11-13T17:00,17.2,0.00
2023-11-13T18:00,18.7,0.00
2023-11-13T19:00,20.0,0.00
2023-11-13T20:00,20.3,0.20
2023-11-13T21:00,20.6,0.00
2023-11-13T22:00,20.6,0.00
2023-11-13T23:00,18.4,0.00
2023-11-14T00:00,15.3,0.00
2023-11-14T01:00,15.5,0.00
2023-11-14T02:00,13.9,0.00
2023-11-14T03:00,13.5,0.00
2023-11-14T04:00,12.7,0.00
2023-11-14T05:00,11.5,0.00
2023-11-14T06:00,11.7,0.00
2023-11-14T07:00,10.9,0.00
2023-11-14T08:00,10.3,0.00
2023-11-14T09:00,9.9,0.00
2023-11-14T10:00,9.9,0.00
2023-11-14T11:00,9.8,0.10
2023-11-14T12:00,9.9,0.10
2023-11-14T13:00,10.7,0.00
2023-11-14T14:00,11.0,0.00
2023-11-14T15:00,12.1,0.00
2023-11-14T16:00,14.1,0.00
2023-11-14T17:00,15.5,0.00
2023-11-14T18:00,16.2,0.00
2023-11-14T19:00,18.1,0.00
2023-11-14T20:00,19.4,0.00
2023-11-14T21:00,20.6,0.00
2023-11-14T22:00,19.5,0.00
2023-11-14T23:00,17.7,0.00
2023-11-15T00:00,15.8,0.00
2023-11-15T01:00,12.3,0.00
2023-11-15T02:00,11.9,0.00
2023-11-15T03:00,11.6,0.00
2023-11-15T04:00,11.3,0.10
2023-11-15T05:00,10.7,0.10
2023-11-15T06:00,10.2,0.00
2023-11-15T07:00,9.8,0.00
2023-11-15T08:00,9.9,0.00
2023-11-15T09:00,7.7,0.00
2023-11-15T10:00,8.2,0.00
2023-11-15T11:00,7.9,0.00
2023-11-15T12:00,7.1,0.00
2023-11-15T13:00,8.7,0.00
2023-11-15T14:00,10.5,0.00
2023-11-15T15:00,13.1,0.00
2023-11-15T16:00,15.4,0.00
2023-11-15T17:00,17.4,0.00
2023-11-15T18:00,18.9,0.00
2023-11-15T19:00,20.1,0.00
2023-11-15T20:00,20.7,0.00
2023-11-15T21:00,21.1,0.00
2023-11-15T22:00,20.8,0.00
2023-11-15T23:00,19.4,0.00
2023-11-16T00:00,16.2,0.00
2023-11-16T01:00,13.6,0.00
2023-11-16T02:00,12.3,0.00
2023-11-16T03:00,10.1,0.00
2023-11-16T04:00,9.4,0.00
2023-11-16T05:00,8.7,0.00
2023-11-16T06:00,7.8,0.00
2023-11-16T07:00,7.2,0.00
2023-11-16T08:00,6.2,0.00
2023-11-16T09:00,7.0,0.00
2023-11-16T10:00,5.8,0.00
2023-11-16T11:00,5.9,0.00
2023-11-16T12:00,5.7,0.00
2023-11-16T13:00,6.0,0.00
2023-11-16T14:00,9.5,0.00
2023-11-16T15:00,12.3,0.00
2023-11-16T16:00,14.4,0.00
2023-11-16T17:00,16.3,0.00
2023-11-16T18:00,17.9,0.00
2023-11-16T19:00,19.4,0.00
2023-11-16T20:00,20.5,0.00
2023-11-16T21:00,21.1,0.00
2023-11-16T22:00,21.0,0.00
2023-11-16T23:00,19.9,0.00
2023-11-17T00:00,13.9,0.00
2023-11-17T01:00,13.1,0.00
2023-11-17T02:00,13.5,0.00
2023-11-17T03:00,12.9,0.00
2023-11-17T04:00,10.5,0.00
2023-11-17T05:00,9.9,0.00
2023-11-17T06:00,9.4,0.00
2023-11-17T07:00,8.6,0.00
2023-11-17T08:00,8.1,0.00
2023-11-17T09:00,7.6,0.00
2023-11-17T10:00,7.7,0.00
2023-11-17T11:00,7.9,0.00
2023-11-17T12:00,7.3,0.00
2023-11-17T13:00,8.9,0.00
2023-11-17T14:00,12.6,0.00
2023-11-17T15:00,15.1,0.00
2023-11-17T16:00,17.4,0.00
2023-11-17T17:00,19.2,0.00
2023-11-17T18:00,20.7,0.00
2023-11-17T19:00,22.1,0.00
2023-11-17T20:00,23.1,0.00
2023-11-17T21:00,23.7,0.00
2023-11-17T22:00,23.5,0.00
2023-11-17T23:00,22.1,0.00
2023-11-18T00:00,18.6,0.00
2023-11-18T01:00,16.0,0.00
2023-11-18T02:00,14.8,0.00
2023-11-18T03:00,13.4,0.00
2023-11-18T04:00,12.6,0.00
2023-11-18T05:00,11.5,0.00
2023-11-18T06:00,10.2,0.00
2023-11-18T07:00,9.5,0.00
2023-11-18T08:00,8.7,0.00
2023-11-18T09:00,9.5,0.00
2023-11-18T10:00,9.9,0.00
2023-11-18T11:00,8.4,0.00
2023-11-18T12:00,7.6,0.00
2023-11-18T13:00,7.3,0.00
2023-11-18T14:00,11.9,0.00
2023-11-18T15:00,14.4,0.00
2023-11-18T16:00,16.6,0.00
2023-11-18T17:00,18.2,0.00
2023-11-18T18:00,19.8,0.00
2023-11-18T19:00,21.1,0.00
2023-11-18T20:00,21.9,0.00
2023-11-18T21:00,22.2,0.00
2023-11-18T22:00,21.9,0.00
2023-11-18T23:00,20.6,0.00
2023-11-19T00:00,16.3,0.00
2023-11-19T01:00,15.0,0.00
2023-11-19T02:00,12.7,0.00
2023-11-19T03:00,11.4,0.00
2023-11-19T04:00,11.0,0.00
2023-11-19T05:00,9.8,0.00
2023-11-19T06:00,9.1,0.00
2023-11-19T07:00,8.7,0.00
2023-11-19T08:00,8.7,0.00
2023-11-19T09:00,8.1,0.00
2023-11-19T10:00,8.4,0.00
2023-11-19T11:00,8.3,0.00
2023-11-19T12:00,7.7,0.00
2023-11-19T13:00,8.5,0.00
2023-11-19T14:00,13.4,0.00
2023-11-19T15:00,16.5,0.00
2023-11-19T16:00,18.8,0.00
2023-11-19T17:00,20.8,0.00
2023-11-19T18:00,22.7,0.00
2023-11-19T19:00,23.7,0.00
2023-11-19T20:00,24.3,0.00
2023-11-19T21:00,24.6,0.00
2023-11-19T22:00,24.6,0.00
2023-11-19T23:00,23.0,0.00
2023-11-20T00:00,17.3,0.00
2023-11-20T01:00,15.4,0.00
2023-11-20T02:00,14.2,0.00
2023-11-20T03:00,13.4,0.00
2023-11-20T04:00,12.6,0.00
2023-11-20T05:00,12.1,0.00
2023-11-20T06:00,11.2,0.00
2023-11-20T07:00,10.7,0.00
2023-11-20T08:00,10.4,0.00
2023-11-20T09:00,10.0,0.00
2023-11-20T10:00,9.6,0.00
2023-11-20T11:00,9.4,0.00
2023-11-20T12:00,9.4,0.00
2023-11-20T13:00,8.8,0.00
2023-11-20T14:00,13.2,0.00
2023-11-20T15:00,16.8,0.00
2023-11-20T16:00,19.1,0.00
2023-11-20T17:00,21.4,0.00
2023-11-20T18:00,23.3,0.00
2023-11-20T19:00,24.1,0.00
2023-11-20T20:00,23.9,0.00
2023-11-20T21:00,24.2,0.00
2023-11-20T22:00,23.4,0.10
2023-11-20T23:00,22.1,0.00
2023-11-21T00:00,18.4,0.00
2023-11-21T01:00,16.0,0.00
2023-11-21T02:00,14.6,0.00
2023-11-21T03:00,13.4,0.00
2023-11-21T04:00,12.6,0.00
2023-11-21T05:00,13.3,0.00
2023-11-21T06:00,13.4,0.00
2023-11-21T07:00,12.4,0.00
2023-11-21T08:00,11.4,0.00
2023-11-21T09:00,11.1,0.00
2023-11-21T10:00,10.4,0.00
2023-11-21T11:00,10.2,0.00
2023-11-21T12:00,9.8,0.00
2023-11-21T13:00,9.3,0.00
2023-11-21T14:00,13.4,0.00
2023-11-21T15:00,15.0,0.00
2023-11-21T16:00,16.6,0.00
2023-11-21T17:00,18.5,0.00
2023-11-21T18:00,19.4,0.00
2023-11-21T19:00,20.2,0.00
2023-11-21T20:00,20.5,0.00
2023-11-21T21:00,20.0,0.00
2023-11-21T22:00,19.8,0.00
2023-11-21T23:00,19.0,0.00
2023-11-22T00:00,14.7,0.00
2023-11-22T01:00,12.9,0.00
2023-11-22T02:00,12.1,0.00
2023-11-22T03:00,11.0,0.20
2023-11-22T04:00,10.3,0.20
2023-11-22T05:00,10.2,0.20
2023-11-22T06:00,9.2,0.40
2023-11-22T07:00,8.4,0.30
2023-11-22T08:00,8.4,0.20
2023-11-22T09:00,8.4,0.10
2023-11-22T10:00,8.4,0.10
2023-11-22T11:00,8.5,0.10
2023-11-22T12:00,8.7,0.10
2023-11-22T13:00,8.6,0.10
2023-11-22T14:00,9.4,0.10
2023-11-22T15:00,10.4,0.10
2023-11-22T16:00,11.7,0.10
2023-11-22T17:00,13.7,0.10
2023-11-22T18:00,15.8,0.00
2023-11-22T19:00,15.5,0.00
2023-11-22T20:00,16.4,0.00
2023-11-22T21:00,16.6,0.00
2023-11-22T22:00,15.9,0.00
2023-11-22T23:00,14.5,0.00
2023-11-23T00:00,13.5,0.00
2023-11-23T01:00,12.7,0.20
2023-11-23T02:00,12.1,0.80
2023-11-23T03:00,11.6,2.10
2023-11-23T04:00,11.3,2.90
2023-11-23T05:00,11.5,1.60
2023-11-23T06:00,11.1,1.30
2023-11-23T07:00,10.6,1.40
2023-11-23T08:00,11.0,0.80
2023-11-23T09:00,10.9,0.20
2023-11-23T10:00,11.0,0.10
2023-11-23T11:00,11.1,0.10
2023-11-23T12:00,10.4,0.10
2023-11-23T13:00,9.3,0.00
2023-11-23T14:00,10.0,0.00
2023-11-23T15:00,11.1,0.00
2023-11-23T16:00,11.8,0.00
2023-11-23T17:00,12.1,0.00
2023-11-23T18:00,13.2,0.00
2023-11-23T19:00,14.4,0.00
2023-11-23T20:00,14.6,0.00
2023-11-23T21:00,14.4,0.00
2023-11-23T22:00,14.1,0.00
2023-11-23T23:00,13.2,0.00
2023-11-24T00:00,12.2,0.00
2023-11-24T01:00,11.5,0.00
2023-11-24T02:00,10.8,0.00
2023-11-24T03:00,9.6,0.00
2023-11-24T04:00,9.2,0.00
2023-11-24T05:00,9.1,0.00
2023-11-24T06:00,8.4,0.00
2023-11-24T07:00,7.9,0.00
2023-11-24T08:00,7.5,0.00
2023-11-24T09:00,7.0,0.00
2023-11-24T10:00,7.1,0.00
2023-11-24T11:00,6.8,0.00
2023-11-24T12:00,6.5,0.00
2023-11-24T13:00,5.5,0.00
2023-11-24T14:00,9.4,0.00
2023-11-24T15:00,12.7,0.00
2023-11-24T16:00,14.8,0.00
2023-11-24T17:00,16.7,0.00
2023-11-24T18:00,18.4,0.00
2023-11-24T19:00,19.3,0.00
2023-11-24T20:00,19.8,0.00
2023-11-24T21:00,19.6,0.00
2023-11-24T22:00,19.1,0.00
2023-11-24T23:00,17.7,0.00
2023-11-25T00:00,13.0,0.00
2023-11-25T01:00,11.4,0.00
2023-11-25T02:00,9.6,0.00
2023-11-25T03:00,8.6,0.00
2023-11-25T04:00,8.2,0.00
2023-11-25T05:00,8.1,0.00
2023-11-25T06:00,8.1,0.00
2023-11-25T07:00,7.8,0.00
2023-11-25T08:00,7.6,0.00
2023-11-25T09:00,7.5,0.00
2023-11-25T10:00,7.4,0.00
2023-11-25T11:00,7.0,0.00
2023-11-25T12:00,6.6,0.00
2023-11-25T13:00,5.3,0.00
2023-11-25T14:00,9.7,0.00
2023-11-25T15:00,13.5,0.00
2023-11-25T16:00,15.8,0.00
2023-11-25T17:00,18.1,0.00
2023-11-25T18:00,19.3,0.00
2023-11-25T19:00,19.8,0.00
2023-11-25T20:00,20.2,0.00
2023-11-25T21:00,19.7,0.00
2023-11-25T22:00,18.7,0.00
2023-11-25T23:00,17.2,0.00
2023-11-26T00:00,14.0,0.00
2023-11-26T01:00,11.8,0.00
2023-11-26T02:00,10.9,0.00
2023-11-26T03:00,10.0,0.00
2023-11-26T04:00,9.2,0.00
2023-11-26T05:00,8.6,0.00
2023-11-26T06:00,8.2,0.00
2023-11-26T07:00,7.8,0.00
2023-11-26T08:00,7.4,0.00
2023-11-26T09:00,7.2,0.00
2023-11-26T10:00,7.1,0.00
2023-11-26T11:00,7.0,0.00
2023-11-26T12:00,6.9,0.00
2023-11-26T13:00,6.7,0.00
2023-11-26T14:00,10.8,0.00
2023-11-26T15:00,13.7,0.00
2023-11-26T16:00,15.6,0.00
2023-11-26T17:00,17.5,0.00
2023-11-26T18:00,19.0,0.00
2023-11-26T19:00,19.5,0.20
2023-11-26T20:00,19.9,0.00
2023-11-26T21:00,19.8,0.10
2023-11-26T22:00,19.7,0.00
2023-11-26T23:00,18.9,0.00
2023-11-27T00:00,18.0,0.00
2023-11-27T01:00,13.7,0.00
2023-11-27T02:00,11.9,0.00
2023-11-27T03:00,11.2,0.00
2023-11-27T04:00,11.5,0.00
2023-11-27T05:00,10.0,0.00
2023-11-27T06:00,9.0,0.00
2023-11-27T07:00,9.1,0.00
2023-11-27T08:00,8.4,0.00
2023-11-27T09:00,9.3,0.00
2023-11-27T10:00,9.3,0.00
2023-11-27T11:00,9.3,0.00
2023-11-27T12:00,9.1,0.10
2023-11-27T13:00,10.0,0.10
2023-11-27T14:00,10.0,0.00
2023-11-27T15:00,10.7,0.00
2023-11-27T16:00,12.1,0.00
2023-11-27T17:00,14.5,0.00
2023-11-27T18:00,15.2,0.00
2023-11-27T19:00,16.7,0.00
2023-11-27T20:00,16.7,0.00
2023-11-27T21:00,17.2,0.00
2023-11-27T22:00,17.2,0.00
2023-11-27T23:00,15.7,0.30
2023-11-28T00:00,13.8,0.00
2023-11-28T01:00,12.2,0.00
2023-11-28T02:00,11.8,0.00
2023-11-28T03:00,11.9,0.00
2023-11-28T04:00,10.7,0.00
2023-11-28T05:00,9.8,0.00
2023-11-28T06:00,9.9,0.00
2023-11-28T07:00,8.4,0.00
2023-11-28T08:00,9.7,0.00
2023-11-28T09:00,8.3,0.00
2023-11-28T10:00,7.6,0.00
2023-11-28T11:00,8.2,0.00
2023-11-28T12:00,8.8,0.00
2023-11-28T13:00,9.3,0.00
2023-11-28T14:00,9.5,0.10
2023-11-28T15:00,9.7,0.20
2023-11-28T16:00,10.2,0.20
2023-11-28T17:00,11.7,0.20
2023-11-28T18:00,13.8,0.10
2023-11-28T19:00,15.2,0.00
2023-11-28T20:00,16.3,0.10
2023-11-28T21:00,17.1,0.10
2023-11-28T22:00,17.3,0.40
2023-11-28T23:00,17.3,0.10
2023-11-29T00:00,14.1,0.00
2023-11-29T01:00,12.8,0.00
2023-11-29T02:00,12.7,0.00
2023-11-29T03:00,11.7,0.00
2023-11-29T04:00,10.9,0.00
2023-11-29T05:00,10.5,0.00
2023-11-29T06:00,9.5,0.00
2023-11-29T07:00,9.2,0.00
2023-11-29T08:00,8.8,0.00
2023-11-29T09:00,8.7,0.00
2023-11-29T10:00,8.9,0.00
2023-11-29T11:00,8.9,0.00
2023-11-29T12:00,8.6,0.00
2023-11-29T13:00,8.7,0.00
2023-11-29T14:00,10.3,0.00
2023-11-29T15:00,11.7,0.00
2023-11-29T16:00,13.9,0.00
2023-11-29T17:00,16.0,0.00
2023-11-29T18:00,17.6,0.40
2023-11-29T19:00,18.2,0.00
2023-11-29T20:00,16.0,3.80
2023-11-29T21:00,16.5,1.60
2023-11-29T22:00,17.3,0.10
2023-11-29T23:00,16.8,0.10
2023-11-30T00:00,15.4,0.00
2023-11-30T01:00,11.4,0.00
2023-11-30T02:00,10.9,0.00
2023-11-30T03:00,10.1,0.00
2023-11-30T04:00,9.6,0.00
2023-11-30T05:00,9.4,0.00
2023-11-30T06:00,9.8,0.00
2023-11-30T07:00,9.6,0.00
2023-11-30T08:00,9.3,0.00
2023-11-30T09:00,8.3,0.00
2023-11-30T10:00,7.6,0.00
2023-11-30T11:00,7.6,0.00
2023-11-30T12:00,7.7,0.00
2023-11-30T13:00,8.3,0.00
2023-11-30T14:00,10.9,0.00
2023-11-30T15:00,14.1,0.00
2023-11-30T16:00,16.4,0.00
2023-11-30T17:00,18.8,0.00
2023-11-30T18:00,20.0,0.00
2023-11-30T19:00,20.1,0.00
2023-11-30T20:00,20.2,0.00
2023-11-30T21:00,19.5,0.60
2023-11-30T22:00,18.2,0.00
2023-11-30T23:00,17.1,0.00
2023-12-01T00:00,14.5,0.00
2023-12-01T01:00,12.6,0.00
2023-12-01T02:00,12.2,0.00
2023-12-01T03:00,11.6,0.00
2023-12-01T04:00,10.8,0.00
2023-12-01T05:00,10.4,0.00
2023-12-01T06:00,10.2,0.00
2023-12-01T07:00,9.7,0.00
2023-12-01T08:00,9.3,0.00
2023-12-01T09:00,9.0,0.00
2023-12-01T10:00,8.7,0.00
2023-12-01T11:00,8.8,0.00
2023-12-01T12:00,9.0,0.00
2023-12-01T13:00,8.5,0.00
2023-12-01T14:00,11.4,0.00
2023-12-01T15:00,14.1,0.00
2023-12-01T16:00,14.9,0.00
2023-12-01T17:00,16.5,0.00
2023-12-01T18:00,18.5,0.00
2023-12-01T19:00,19.6,0.00
2023-12-01T20:00,20.4,0.00
2023-12-01T21:00,20.0,0.00
2023-12-01T22:00,19.0,0.00
2023-12-01T23:00,17.5,0.00
2023-12-02T00:00,14.0,0.00
2023-12-02T01:00,12.2,0.00
2023-12-02T02:00,11.8,0.00
2023-12-02T03:00,12.2,0.00
2023-12-02T04:00,12.4,0.00
2023-12-02T05:00,11.2,0.00
2023-12-02T06:00,10.6,0.00
2023-12-02T07:00,10.2,0.00
2023-12-02T08:00,11.1,0.00
2023-12-02T09:00,11.0,0.00
2023-12-02T10:00,11.0,0.00
2023-12-02T11:00,10.9,0.00
2023-12-02T12:00,10.6,0.00
2023-12-02T13:00,10.0,0.00
2023-12-02T14:00,12.2,0.00
2023-12-02T15:00,14.4,0.00
2023-12-02T16:00,15.2,0.00
2023-12-02T17:00,16.0,0.00
2023-12-02T18:00,16.8,0.00
2023-12-02T19:00,17.8,0.00
2023-12-02T20:00,18.9,0.00
2023-12-02T21:00,18.6,0.00
2023-12-02T22:00,18.2,0.00
2023-12-02T23:00,17.5,0.00
2023-12-03T00:00,16.1,0.00
2023-12-03T01:00,13.8,0.00
2023-12-03T02:00,12.8,0.00
2023-12-03T03:00,11.7,0.00
2023-12-03T04:00,10.9,0.00
2023-12-03T05:00,10.6,0.00
2023-12-03T06:00,10.1,0.00
2023-12-03T07:00,9.4,0.00
2023-12-03T08:00,9.2,0.00
2023-12-03T09:00,8.8,0.00
2023-12-03T10:00,7.8,0.00
2023-12-03T11:00,7.6,0.00
2023-12-03T12:00,8.1,0.00
2023-12-03T13:00,8.7,0.00
2023-12-03T14:00,10.9,0.00
2023-12-03T15:00,13.7,0.00
2023-12-03T16:00,15.4,0.00
2023-12-03T17:00,17.1,0.00
2023-12-03T18:00,17.8,0.00
2023-12-03T19:00,18.7,0.00
2023-12-03T20:00,19.6,0.10
2023-12-03T21:00,19.7,0.00
2023-12-03T22:00,18.9,0.00
2023-12-03T23:00,17.1,0.00
2023-12-04T00:00,14.1,0.00
2023-12-04T01:00,14.0,0.00
2023-12-04T02:00,12.5,0.10
2023-12-04T03:00,11.7,0.10
2023-12-04T04:00,11.8,0.10
2023-12-04T05:00,11.2,0.00
2023-12-04T06:00,10.9,0.00
2023-12-04T07:00,10.8,0.00
2023-12-04T08:00,10.6,0.20
2023-12-04T09:00,10.4,0.60
2023-12-04T10:00,10.2,0.50
2023-12-04T11:00,10.2,0.40
2023-12-04T12:00,10.3,0.30
2023-12-04T13:00,10.4,0.70
2023-12-04T14:00,10.4,0.40
2023-12-04T15:00,11.2,0.10
2023-12-04T16:00,12.3,0.10
2023-12-04T17:00,14.6,0.00
2023-12-04T18:00,16.2,0.00
2023-12-04T19:00,17.3,0.00
2023-12-04T20:00,17.2,0.10
2023-12-04T21:00,17.6,0.10
2023-12-04T22:00,17.8,0.10
2023-12-04T23:00,17.0,0.00
2023-12-05T00:00,15.4,0.00
2023-12-05T01:00,11.4,0.00
2023-12-05T02:00,10.9,0.40
2023-12-05T03:00,11.1,1.10
2023-12-05T04:00,10.7,0.60
2023-12-05T05:00,10.0,0.60
2023-12-05T06:00,10.2,0.30
2023-12-05T07:00,9.8,0.20
2023-12-05T08:00,9.7,0.50
2023-12-05T09:00,9.5,0.90
2023-12-05T10:00,9.4,1.00
2023-12-05T11:00,9.2,0.90
2023-12-05T12:00,9.0,0.90
2023-12-05T13:00,9.2,0.90
2023-12-05T14:00,9.8,0.60
2023-12-05T15:00,10.8,0.20
2023-12-05T16:00,11.9,0.20
2023-12-05T17:00,13.1,0.20
2023-12-05T18:00,15.1,0.10
2023-12-05T19:00,17.0,0.10
2023-12-05T20:00,17.9,0.20
2023-12-05T21:00,18.0,0.10
2023-12-05T22:00,17.5,0.00
2023-12-05T23:00,17.0,0.00
2023-12-06T00:00,16.0,0.00
2023-12-06T01:00,11.8,0.20
2023-12-06T02:00,10.9,0.20
2023-12-06T03:00,10.8,0.20
2023-12-06T04:00,10.4,0.20
2023-12-06T05:00,10.8,0.30
2023-12-06T06:00,10.5,0.30
2023-12-06T07:00,10.2,0.20
2023-12-06T08:00,9.9,0.50
2023-12-06T09:00,9.8,0.50
2023-12-06T10:00,9.7,0.30
2023-12-06T11:00,9.6,0.20
2023-12-06T12:00,9.4,0.20
2023-12-06T13:00,9.6,0.20
2023-12-06T14:00,9.7,0.20
2023-12-06T15:00,10.0,0.40
2023-12-06T16:00,10.4,0.60
2023-12-06T17:00,11.4,0.40
2023-12-06T18:00,13.4,0.30
2023-12-06T19:00,14.5,0.10
2023-12-06T20:00,14.7,0.00
2023-12-06T21:00,14.9,0.00
2023-12-06T22:00,14.7,0.00
2023-12-06T23:00,12.8,1.80
2023-12-07T00:00,11.0,0.50
2023-12-07T01:00,10.6,0.70
2023-12-07T02:00,9.9,0.00
2023-12-07T03:00,9.5,0.00
2023-12-07T04:00,9.4,0.00
2023-12-07T05:00,8.7,0.00
2023-12-07T06:00,9.2,0.00
2023-12-07T07:00,9.0,0.10
2023-12-07T08:00,8.8,0.00
2023-12-07T09:00,9.0,0.00
2023-12-07T10:00,9.0,0.00
2023-12-07T11:00,8.9,0.00
2023-12-07T12:00,7.6,0.00
2023-12-07T13:00,8.0,0.00
2023-12-07T14:00,9.1,0.00
2023-12-07T15:00,11.0,0.00
2023-12-07T16:00,13.1,0.00
2023-12-07T17:00,14.8,0.00
2023-12-07T18:00,16.4,0.00
2023-12-07T19:00,16.6,0.00
2023-12-07T20:00,15.9,0.40
2023-12-07T21:00,14.9,1.80
2023-12-07T22:00,15.2,0.00
2023-12-07T23:00,13.5,0.10
2023-12-08T00:00,11.3,0.00
2023-12-08T01:00,10.2,1.30
2023-12-08T02:00,10.4,0.60
2023-12-08T03:00,10.1,0.00
2023-12-08T04:00,9.8,0.00
2023-12-08T05:00,9.3,0.00
2023-12-08T06:00,9.4,0.00
2023-12-08T07:00,7.9,0.00
2023-12-08T08:00,7.7,0.00
2023-12-08T09:00,7.9,0.00
2023-12-08T10:00,6.9,0.00
2023-12-08T11:00,6.7,0.00
2023-12-08T12:00,6.6,0.00
2023-12-08T13:00,5.9,0.00
2023-12-08T14:00,9.2,0.00
2023-12-08T15:00,11.7,0.00
2023-12-08T16:00,13.2,0.00
2023-12-08T17:00,14.5,0.00
2023-12-08T18:00,15.9,0.20
2023-12-08T19:00,16.5,0.20
2023-12-08T20:00,17.2,0.10
2023-12-08T21:00,17.3,0.10
2023-12-08T22:00,16.0,2.20
2023-12-08T23:00,14.8,0.40
2023-12-09T00:00,11.8,0.00
2023-12-09T01:00,11.4,0.00
2023-12-09T02:00,9.6,0.00
2023-12-09T03:00,9.0,0.00
2023-12-09T04:00,9.0,0.00
2023-12-09T05:00,9.3,0.00
2023-12-09T06:00,10.0,0.00
2023-12-09T07:00,9.6,0.00
2023-12-09T08:00,9.5,0.00
2023-12-09T09:00,9.0,0.00
2023-12-09T10:00,7.7,0.00
2023-12-09T11:00,7.4,0.00
2023-12-09T12:00,6.9,0.00
2023-12-09T13:00,6.9,0.00
2023-12-09T14:00,10.6,0.00
2023-12-09T15:00,13.0,0.00
2023-12-09T16:00,14.5,0.00
2023-12-09T17:00,16.3,0.00
2023-12-09T18:00,17.2,0.00
2023-12-09T19:00,18.0,0.10
2023-12-09T20:00,17.9,0.10
2023-12-09T21:00,18.1,0.00
2023-12-09T22:00,17.8,0.00
2023-12-09T23:00,16.7,0.50
2023-12-10T00:00,15.3,0.30
2023-12-10T01:00,11.1,0.00
2023-12-10T02:00,10.4,0.00
2023-12-10T03:00,10.4,0.00
2023-12-10T04:00,10.2,0.00
2023-12-10T05:00,9.7,0.00
2023-12-10T06:00,9.2,0.00
2023-12-10T07:00,8.9,0.00
2023-12-10T08:00,8.0,0.00
2023-12-10T09:00,7.8,0.00
2023-12-10T10:00,7.0,0.00
2023-12-10T11:00,7.5,0.00
2023-12-10T12:00,7.1,0.00
2023-12-10T13:00,7.7,0.10
2023-12-10T14:00,9.6,0.30
2023-12-10T15:00,10.8,0.30
2023-12-10T16:00,11.5,0.20
2023-12-10T17:00,12.5,0.00
2023-12-10T18:00,14.6,0.00
2023-12-10T19:00,15.4,0.00
2023-12-10T20:00,15.9,0.00
2023-12-10T21:00,14.6,0.00
2023-12-10T22:00,13.2,0.00
2023-12-10T23:00,13.3,0.00
2023-12-11T00:00,11.9,0.00
2023-12-11T01:00,11.1,0.00
2023-12-11T02:00,10.8,0.00
2023-12-11T03:00,9.0,0.00
2023-12-11T04:00,8.6,0.00
2023-12-11T05:00,9.0,0.00
2023-12-11T06:00,7.7,0.00
2023-12-11T07:00,7.8,0.00
2023-12-11T08:00,8.0,0.00
2023-12-11T09:00,7.1,0.00
2023-12-11T10:00,7.2,0.00
2023-12-11T11:00,7.7,0.30
2023-12-11T12:00,7.6,0.30
2023-12-11T13:00,8.1,0.70
2023-12-11T14:00,8.6,0.60
2023-12-11T15:00,8.7,0.60
2023-12-11T16:00,9.2,0.80
2023-12-11T17:00,9.6,0.50
2023-12-11T18:00,9.6,0.30
2023-12-11T19:00,10.3,0.30
2023-12-11T20:00,10.4,0.20
2023-12-11T21:00,10.8,0.20
2023-12-11T22:00,10.9,0.20
2023-12-11T23:00,10.6,0.10
2023-12-12T00:00,9.1,0.00
2023-12-12T01:00,9.6,0.00
2023-12-12T02:00,9.1,0.20
2023-12-12T03:00,8.2,0.00
2023-12-12T04:00,6.6,0.00
2023-12-12T05:00,7.5,0.00
2023-12-12T06:00,5.8,0.00
2023-12-12T07:00,8.6,0.00
2023-12-12T08:00,8.0,0.00
2023-12-12T09:00,7.4,0.00
2023-12-12T10:00,7.3,0.00
2023-12-12T11:00,7.0,0.00
2023-12-12T12:00,6.8,0.00
2023-12-12T13:00,5.9,0.00
2023-12-12T14:00,7.6,0.00
2023-12-12T15:00,10.0,0.00
2023-12-12T16:00,11.8,0.00
2023-12-12T17:00,13.3,0.00
2023-12-12T18:00,13.8,0.30
2023-12-12T19:00,15.1,0.50
2023-12-12T20:00,15.2,0.10
2023-12-12T21:00,15.6,0.10
2023-12-12T22:00,15.5,0.20
2023-12-12T23:00,13.8,0.30
2023-12-13T00:00,10.0,0.00
2023-12-13T01:00,9.0,0.00
2023-12-13T02:00,7.6,0.20
2023-12-13T03:00,9.6,0.20
2023-12-13T04:00,9.2,0.20
2023-12-13T05:00,9.0,0.00
2023-12-13T06:00,8.5,0.00
2023-12-13T07:00,8.3,0.00
2023-12-13T08:00,7.8,0.00
2023-12-13T09:00,7.5,0.00
2023-12-13T10:00,7.4,0.10
2023-12-13T11:00,7.2,0.10
2023-12-13T12:00,7.2,0.00
2023-12-13T13:00,7.6,0.00
2023-12-13T14:00,8.2,0.00
2023-12-13T15:00,9.3,0.00
2023-12-13T16:00,10.4,0.00
2023-12-13T17:00,11.1,0.10
2023-12-13T18:00,12.6,0.10
2023-12-13T19:00,14.2,0.00
2023-12-13T20:00,14.2,0.20
2023-12-13T21:00,14.4,0.20
2023-12-13T22:00,14.7,0.10
2023-12-13T23:00,14.4,0.00
2023-12-14T00:00,13.4,0.00
2023-12-14T01:00,9.9,0.00
2023-12-14T02:00,8.8,0.00
2023-12-14T03:00,8.8,0.40
2023-12-14T04:00,9.6,0.00
2023-12-14T05:00,9.0,0.00
2023-12-14T06:00,9.4,0.10
2023-12-14T07:00,9.2,0.50
2023-12-14T08:00,9.0,0.20
2023-12-14T09:00,8.9,0.10
2023-12-14T10:00,8.9,0.00
2023-12-14T11:00,8.9,0.00
2023-12-14T12:00,8.7,0.00
2023-12-14T13:00,8.8,0.00
2023-12-14T14:00,9.1,0.00
2023-12-14T15:00,10.3,0.00
2023-12-14T16:00,11.4,0.00
2023-12-14T17:00,12.4,0.00
2023-12-14T18:00,13.7,0.00
2023-12-14T19:00,14.9,0.00
2023-12-14T20:00,15.6,0.00
2023-12-14T21:00,15.4,0.00
2023-12-14T22:00,14.9,0.00
2023-12-14T23:00,14.1,0.00
2023-12-15T00:00,12.3,0.00
2023-12-15T01:00,11.3,0.00
2023-12-15T02:00,10.7,0.10
2023-12-15T03:00,10.5,0.40
2023-12-15T04:00,10.2,0.30
2023-12-15T05:00,9.7,0.00
2023-12-15T06:00,9.4,0.00
2023-12-15T07:00,9.2,0.00
2023-12-15T08:00,7.8,0.00
2023-12-15T09:00,6.7,0.00
2023-12-15T10:00,7.9,0.00
2023-12-15T11:00,8.1,0.00
2023-12-15T12:00,7.7,0.00
2023-12-15T13:00,8.4,0.00
2023-12-15T14:00,9.3,0.00
2023-12-15T15:00,10.5,0.00
2023-12-15T16:00,11.6,0.00
2023-12-15T17:00,14.0,0.00
2023-12-15T18:00,14.9,0.00
2023-12-15T19:00,14.7,0.00
2023-12-15T20:00,14.8,0.10
2023-12-15T21:00,14.7,0.00
2023-12-15T22:00,15.2,0.00
2023-12-15T23:00,13.6,0.10
